"Replicate1"	"Replicate2"	"Replicate3"	"Mean"	"SD"
"Olfr885_7410"	0.93	0.9	0.91	0.91	0.02
"Olfr885_323"	0.89	0.87	0.88	0.88	0.01
"Olfr205_7410"	0.87	0.84	0.84	0.85	0.02
"hOR8B2_439570"	0.86	0.85	0.82	0.84	0.02
"Olfr194_7410"	0.83	0.84	0.84	0.84	0
"Olfr913_7410"	0.84	0.81	0.82	0.82	0.01
"Olfr1057_7410"	0.81	0.81	0.8	0.81	0.01
"Olfr251_7410"	0.81	0.8	0.79	0.8	0.01
"Olfr160_7410"	0.8	0.8	0.8	0.8	0
"Olfr1057_323"	0.81	0.79	0.79	0.8	0.01
"Olfr44_7410"	0.78	0.79	0.8	0.79	0.01
"Olfr199_7410"	0.79	0.79	0.78	0.79	0.01
"Olfr913_323"	0.8	0.77	0.78	0.78	0.02
"hOR1E3_7410"	0.78	0.76	0.78	0.77	0.01
"Olfr251_323"	0.78	0.77	0.77	0.77	0
"Olfr1057_68110"	0.77	0.79	0.75	0.77	0.02
"Olfr747_7410"	0.75	0.75	0.74	0.75	0.01
"Olfr205_323"	0.78	0.75	0.73	0.75	0.02
"Olfr747_323"	0.76	0.76	0.75	0.75	0.01
"Olfr194_323"	0.74	0.75	0.73	0.74	0.01
"Olfr885_68110"	0.74	0.74	0.73	0.74	0.01
"Olfr147_7410"	0.74	0.72	0.71	0.72	0.02
"Olfr199_323"	0.7	0.72	0.72	0.72	0.01
"hOR8B2_7410"	0.7	0.7	0.71	0.7	0.01
"hOR1E3_323"	0.7	0.69	0.72	0.7	0.02
"Olfr44_323"	0.68	0.69	0.7	0.69	0.01
"hOR8B2_323"	0.68	0.67	0.68	0.68	0
"Olfr147_323"	0.69	0.67	0.67	0.68	0.01
"Olfr908_7410"	0.69	0.67	0.67	0.67	0.01
"Olfr160_323"	0.67	0.66	0.68	0.67	0.01
"Olfr908_323"	0.67	0.65	0.66	0.66	0.01
"Olfr251_68110"	0.64	0.63	0.62	0.63	0.01
"Olfr893_7410"	0.66	0.64	0.6	0.63	0.03
"Olfr893_323"	0.66	0.62	0.6	0.63	0.03
"Olfr1487_7410"	0.59	0.65	0.63	0.62	0.03
"Olfr147_439570"	0.63	0.61	0.6	0.61	0.02
"hOR8B2_68110"	0.61	0.61	0.61	0.61	0
"Olfr944_7410"	0.59	0.6	0.6	0.6	0.01
"Olfr141_7410"	0.56	0.59	0.59	0.58	0.02
"Olfr147_68110"	0.6	0.56	0.57	0.58	0.02
"hOR1E3_439570"	0.55	0.53	0.59	0.56	0.03
"Olfr885_439570"	0.55	0.55	0.57	0.56	0.01
"Olfr944_323"	0.55	0.56	0.57	0.56	0.01
"Olfr44_68110"	0.57	0.56	0.55	0.56	0.01
"Olfr160_68110"	0.57	0.54	0.56	0.56	0.02
"Olfr194_439570"	0.53	0.56	0.57	0.55	0.02
"Olfr205_439570"	0.53	0.54	0.56	0.54	0.01
"Olfr1471_7410"	0.52	0.58	0.53	0.54	0.03
"Olfr1487_323"	0.51	0.56	0.56	0.54	0.03
"Olfr141_323"	0.53	0.54	0.56	0.54	0.01
"Olfr913_68110"	0.55	0.53	0.54	0.54	0.01
"Olfr194_68110"	0.54	0.54	0.53	0.54	0.01
"Olfr987_439570"	0.52	0.51	0.54	0.53	0.02
"Olfr988_439570"	0.52	0.51	0.55	0.53	0.02
"Olfr951_7410"	0.52	0.52	0.55	0.53	0.01
"Olfr205_68110"	0.54	0.53	0.52	0.53	0.01
"Olfr338_7410"	0.54	0.51	0.5	0.52	0.02
"hOR1E3_68110"	0.54	0.51	0.51	0.52	0.02
"Olfr199_439570"	0.49	0.51	0.54	0.51	0.02
"Olfr1053_68110"	0.48	0.51	0.52	0.5	0.02
"Olfr1474_7410"	0.49	0.52	0.5	0.5	0.02
"Olfr908_68110"	0.52	0.49	0.5	0.5	0.02
"hOR8I2_7410"	0.52	0.5	0.45	0.49	0.03
"Olfr1471_323"	0.47	0.52	0.49	0.49	0.03
"Olfr893_68110"	0.49	0.49	0.49	0.49	0
"Olfr1053_7410"	0.48	0.48	0.49	0.48	0.01
"hOR8I2_323"	0.5	0.48	0.46	0.48	0.02
"Olfr951_323"	0.47	0.48	0.48	0.48	0.01
"Olfr199_68110"	0.49	0.48	0.46	0.48	0.01
"Olfr1474_323"	0.45	0.49	0.46	0.47	0.02
"Olfr1053_323"	0.45	0.47	0.49	0.47	0.02
"Olfr761_323"	0.48	0.45	0.46	0.47	0.01
"hOR2AJ1_68110"	0.47	0.46	0.48	0.47	0.01
"Olfr467_439570"	0.47	0.47	0.44	0.46	0.02
"Olfr967_7410"	0.47	0.47	0.45	0.46	0.01
"Olfr197_7410"	0.44	0.45	0.48	0.46	0.02
"Olfr198_7410"	0.45	0.44	0.48	0.46	0.02
"Olfr338_323"	0.47	0.47	0.44	0.46	0.02
"hOR8I2_68110"	0.49	0.47	0.43	0.46	0.03
"Olfr1487_68110"	0.44	0.47	0.46	0.46	0.02
"Olfr944_68110"	0.46	0.44	0.47	0.46	0.02
"Olfr761_7410"	0.46	0.44	0.45	0.45	0.01
"Olfr467_323"	0.45	0.47	0.43	0.45	0.02
"Olfr115_323"	0.48	0.44	0.44	0.45	0.02
"Olfr128_323"	0.46	0.43	0.45	0.45	0.01
"hOR2J1_323"	0.45	0.45	0.45	0.45	0
"Olfr1471_68110"	0.44	0.46	0.45	0.45	0.01
"Olfr883_68110"	0.44	0.44	0.46	0.45	0.01
"Olfr1487_439570"	0.42	0.47	0.43	0.44	0.02
"Olfr44_439570"	0.42	0.44	0.44	0.44	0.01
"hOR5B3_7410"	0.46	0.42	0.45	0.44	0.02
"Olfr1000_7410"	0.41	0.42	0.47	0.44	0.03
"Olfr128_7410"	0.44	0.42	0.45	0.44	0.01
"Olfr967_323"	0.45	0.45	0.42	0.44	0.02
"Olfr220_323"	0.42	0.44	0.44	0.44	0.01
"Olfr775_323"	0.45	0.42	0.43	0.44	0.01
"Olfr913_439570"	0.41	0.42	0.45	0.43	0.02
"hOR5V1_7410"	0.44	0.42	0.43	0.43	0.01
"Olfr1036_7410"	0.43	0.45	0.41	0.43	0.02
"Olfr955_7410"	0.43	0.44	0.43	0.43	0.01
"Olfr310_7410"	0.44	0.43	0.44	0.43	0
"Olfr220_7410"	0.42	0.43	0.43	0.43	0.01
"Olfr1042_323"	0.43	0.43	0.44	0.43	0.01
"Olfr1036_323"	0.43	0.44	0.41	0.43	0.02
"Olfr198_323"	0.43	0.43	0.44	0.43	0.01
"Olfr112_323"	0.43	0.43	0.44	0.43	0.01
"Olfr310_323"	0.43	0.42	0.45	0.43	0.01
"Olfr1474_68110"	0.42	0.44	0.42	0.43	0.01
"Olfr141_68110"	0.43	0.42	0.44	0.43	0.01
"Olfr160_439570"	0.41	0.41	0.44	0.42	0.02
"Olfr112_7410"	0.42	0.4	0.43	0.42	0.02
"Olfr115_7410"	0.43	0.41	0.41	0.42	0.01
"Olfr955_323"	0.43	0.42	0.41	0.42	0.01
"Olfr197_323"	0.4	0.41	0.44	0.42	0.02
"Olfr1042_68110"	0.4	0.43	0.42	0.42	0.02
"Olfr1500_7410"	0.39	0.41	0.42	0.41	0.01
"Olfr1034_7410"	0.41	0.42	0.39	0.41	0.02
"Olfr775_7410"	0.43	0.39	0.42	0.41	0.02
"Olfr1000_323"	0.39	0.4	0.45	0.41	0.03
"Olfr1034_323"	0.41	0.42	0.39	0.41	0.01
"Olfr883_323"	0.41	0.39	0.42	0.41	0.02
"hOR5V1_68110"	0.42	0.41	0.41	0.41	0.01
"Olfr951_68110"	0.42	0.4	0.4	0.41	0.01
"Olfr115_68110"	0.44	0.4	0.4	0.41	0.02
"Olfr1471_439570"	0.38	0.43	0.38	0.4	0.03
"Olfr141_439570"	0.4	0.38	0.41	0.4	0.01
"Olfr1042_7410"	0.39	0.41	0.4	0.4	0.01
"hOR5B3_323"	0.4	0.39	0.41	0.4	0.01
"Olfr1040_323"	0.41	0.4	0.41	0.4	0.01
"Olfr776_323"	0.41	0.37	0.4	0.4	0.02
"Olfr1040_68110"	0.39	0.42	0.4	0.4	0.02
"Olfr924_7410"	0.38	0.36	0.41	0.39	0.02
"Olfr398_323"	0.38	0.39	0.4	0.39	0.01
"Olfr924_323"	0.39	0.38	0.41	0.39	0.01
"Olfr1036_68110"	0.39	0.4	0.38	0.39	0.01
"Olfr1474_439570"	0.37	0.4	0.36	0.38	0.02
"Olfr1040_7410"	0.37	0.39	0.37	0.38	0.01
"hOR5V1_323"	0.37	0.38	0.39	0.38	0.01
"Olfr1500_323"	0.37	0.38	0.39	0.38	0.01
"Olfr338_68110"	0.4	0.38	0.35	0.38	0.03
"Olfr112_68110"	0.4	0.36	0.37	0.38	0.02
"Olfr338_439570"	0.39	0.35	0.38	0.37	0.02
"Olfr908_439570"	0.36	0.37	0.39	0.37	0.02
"Olfr776_7410"	0.38	0.35	0.39	0.37	0.02
"Olfr1034_68110"	0.37	0.38	0.36	0.37	0.01
"Olfr967_68110"	0.37	0.37	0.36	0.37	0.01
"Olfr1034_439570"	0.36	0.36	0.37	0.36	0
"Olfr1036_439570"	0.36	0.36	0.37	0.36	0
"Olfr883_439570"	0.36	0.34	0.38	0.36	0.02
"Olfr198_439570"	0.36	0.35	0.37	0.36	0.01
"Olfr398_7410"	0.36	0.35	0.36	0.36	0.01
"Olfr301_7410"	0.35	0.37	0.36	0.36	0.01
"hOR11H12_323"	0.36	0.38	0.34	0.36	0.02
"hOR14A2_68110"	0.35	0.37	0.37	0.36	0.01
"Olfr128_68110"	0.38	0.35	0.35	0.36	0.02
"Olfr761_68110"	0.39	0.36	0.34	0.36	0.03
"Olfr944_439570"	0.33	0.36	0.35	0.35	0.01
"hOR14A2_7410"	0.35	0.35	0.35	0.35	0
"hOR5B21_7410"	0.35	0.35	0.36	0.35	0
"Olfr883_7410"	0.34	0.34	0.36	0.35	0.02
"Olfr930_7410"	0.36	0.35	0.34	0.35	0.01
"Olfr192_7410"	0.33	0.36	0.35	0.35	0.02
"Olfr955_68110"	0.35	0.36	0.35	0.35	0.01
"Olfr310_68110"	0.37	0.32	0.36	0.35	0.02
"Olfr1000_439570"	0.32	0.33	0.38	0.34	0.04
"hOR5I1_7410"	0.35	0.35	0.33	0.34	0.01
"Olfr930_323"	0.36	0.33	0.34	0.34	0.02
"Olfr301_323"	0.34	0.35	0.35	0.34	0.01
"hOR5B3_68110"	0.34	0.32	0.36	0.34	0.02
"Olfr1000_68110"	0.34	0.32	0.36	0.34	0.02
"hOR12D3_7410"	0.33	0.34	0.34	0.33	0.01
"hOR2A1_7410"	0.34	0.32	0.33	0.33	0.01
"Olfr23_7410"	0.33	0.34	0.32	0.33	0.01
"Olfr1156_7410"	0.3	0.35	0.33	0.33	0.02
"Olfr298_7410"	0.35	0.33	0.31	0.33	0.02
"hOR2A42_7410"	0.34	0.32	0.33	0.33	0.01
"Olfr23_323"	0.33	0.34	0.34	0.33	0.01
"Olfr513_323"	0.33	0.32	0.34	0.33	0.01
"Olfr1097_323"	0.34	0.35	0.32	0.33	0.01
"Olfr1156_68110"	0.32	0.34	0.33	0.33	0.01
"Olfr1097_68110"	0.31	0.36	0.33	0.33	0.02
"Olfr893_439570"	0.33	0.32	0.33	0.33	0.01
"Olfr994_439570"	0.34	0.3	0.33	0.32	0.02
"Olfr251_439570"	0.3	0.31	0.33	0.32	0.01
"hOR11H12_7410"	0.32	0.34	0.32	0.32	0.01
"Olfr513_7410"	0.32	0.31	0.33	0.32	0.01
"Olfr1097_7410"	0.32	0.34	0.3	0.32	0.02
"Olfr467_7410"	0.32	0.35	0.29	0.32	0.03
"Olfr190_7410"	0.3	0.34	0.32	0.32	0.02
"Olfr294_7410"	0.33	0.32	0.3	0.32	0.01
"Olfr299_7410"	0.31	0.32	0.32	0.32	0
"hOR5B21_323"	0.32	0.32	0.33	0.32	0
"hOR8B8_323"	0.32	0.31	0.34	0.32	0.01
"Olfr1465_323"	0.31	0.33	0.33	0.32	0.01
"Olfr1156_323"	0.29	0.33	0.33	0.32	0.02
"Olfr1008_323"	0.3	0.32	0.32	0.32	0.01
"Olfr1437_323"	0.34	0.3	0.31	0.32	0.02
"Olfr294_323"	0.33	0.32	0.31	0.32	0.01
"Olfr298_323"	0.34	0.31	0.3	0.32	0.02
"Olfr299_323"	0.32	0.32	0.32	0.32	0
"Olfr513_68110"	0.32	0.3	0.34	0.32	0.02
"Olfr197_68110"	0.31	0.31	0.32	0.32	0.01
"Olfr951_439570"	0.31	0.31	0.31	0.31	0
"Olfr197_439570"	0.3	0.31	0.34	0.31	0.02
"hOR5B2_7410"	0.3	0.32	0.33	0.31	0.01
"Olfr1013_7410"	0.3	0.33	0.31	0.31	0.01
"Olfr1437_7410"	0.33	0.3	0.3	0.31	0.02
"hOR5B2_323"	0.31	0.32	0.31	0.31	0.01
"hOR5I1_323"	0.32	0.32	0.3	0.31	0.01
"Olfr192_323"	0.31	0.31	0.29	0.31	0.01
"Olfr787_323"	0.32	0.3	0.32	0.31	0.01
"Olfr924_68110"	0.31	0.3	0.32	0.31	0.01
"Olfr220_68110"	0.31	0.32	0.31	0.31	0
"hOR5B3_439570"	0.29	0.29	0.33	0.3	0.02
"hOR5V1_439570"	0.3	0.31	0.29	0.3	0.01
"Olfr1500_439570"	0.27	0.31	0.3	0.3	0.02
"Olfr1042_439570"	0.29	0.3	0.31	0.3	0.01
"Olfr310_439570"	0.28	0.28	0.33	0.3	0.03
"hOR6Q1_7410"	0.29	0.29	0.31	0.3	0.01
"Olfr1016_7410"	0.27	0.31	0.31	0.3	0.03
"Olfr293_7410"	0.33	0.28	0.3	0.3	0.02
"hOR7E24_323"	0.29	0.29	0.31	0.3	0.01
"Olfr1013_323"	0.3	0.31	0.3	0.3	0.01
"Olfr198_68110"	0.31	0.29	0.3	0.3	0.01
"hOR5B21_439570"	0.29	0.3	0.27	0.29	0.02
"Olfr112_439570"	0.31	0.27	0.29	0.29	0.02
"Olfr761_439570"	0.31	0.27	0.3	0.29	0.02
"hOR8B4_7410"	0.28	0.29	0.3	0.29	0.01
"hOR2A1_323"	0.28	0.29	0.29	0.29	0
"Olfr1016_323"	0.28	0.29	0.29	0.29	0.01
"Olfr293_323"	0.31	0.27	0.3	0.29	0.02
"hOR2A42_323"	0.28	0.29	0.29	0.29	0
"hOR2V2_68110"	0.29	0.29	0.28	0.29	0.01
"Olfr1465_68110"	0.28	0.29	0.29	0.29	0.01
"Olfr1162_68110"	0.28	0.3	0.3	0.29	0.01
"Olfr1500_68110"	0.28	0.3	0.3	0.29	0.01
"Olfr298_68110"	0.31	0.3	0.26	0.29	0.03
"Olfr23_439570"	0.27	0.27	0.3	0.28	0.02
"Olfr128_439570"	0.29	0.26	0.29	0.28	0.02
"hOR13C4_7410"	0.29	0.27	0.28	0.28	0.01
"hOR7E24_7410"	0.27	0.27	0.29	0.28	0.01
"hOR8B8_7410"	0.27	0.27	0.29	0.28	0.01
"Olfr1465_7410"	0.28	0.27	0.28	0.28	0.01
"Olfr1320_7410"	0.3	0.28	0.28	0.28	0.01
"Olfr787_7410"	0.28	0.27	0.29	0.28	0.01
"Olfr190_323"	0.28	0.29	0.27	0.28	0.01
"Olfr398_68110"	0.29	0.26	0.28	0.28	0.01
"Olfr1137_68110"	0.28	0.29	0.28	0.28	0.01
"Olfr1013_68110"	0.29	0.29	0.27	0.28	0.01
"Olfr294_68110"	0.3	0.28	0.26	0.28	0.02
"Olfr299_68110"	0.29	0.27	0.28	0.28	0.01
"Olfr1040_439570"	0.26	0.27	0.27	0.27	0.01
"Olfr115_439570"	0.29	0.25	0.27	0.27	0.02
"hOR5AP2_7410"	0.27	0.27	0.27	0.27	0
"hOR8K5_7410"	0.28	0.24	0.28	0.27	0.03
"Olfr1249_7410"	0.28	0.26	0.28	0.27	0.01
"Olfr1251_7410"	0.28	0.26	0.28	0.27	0.01
"hOR8B4_323"	0.28	0.27	0.27	0.27	0.01
"Olfr1279_323"	0.23	0.28	0.29	0.27	0.03
"Olfr366_323"	0.26	0.27	0.28	0.27	0.01
"Olfr1137_323"	0.26	0.28	0.28	0.27	0.01
"Olfr1320_323"	0.29	0.27	0.26	0.27	0.02
"hOR2A1_68110"	0.28	0.27	0.26	0.27	0.01
"hOR7E24_68110"	0.26	0.25	0.29	0.27	0.02
"Olfr1016_68110"	0.26	0.27	0.28	0.27	0.01
"Olfr1008_68110"	0.25	0.28	0.27	0.27	0.01
"Olfr1437_68110"	0.27	0.26	0.27	0.27	0.01
"Olfr930_68110"	0.3	0.26	0.26	0.27	0.02
"Olfr192_68110"	0.26	0.27	0.28	0.27	0.01
"Olfr301_68110"	0.28	0.24	0.27	0.27	0.02
"Olfr458_68110"	0.27	0.28	0.26	0.27	0.01
"hOR2A42_68110"	0.28	0.27	0.26	0.27	0.01
"hOR10D3_439570"	0.25	0.26	0.27	0.26	0.01
"hOR14A2_439570"	0.26	0.23	0.28	0.26	0.02
"Olfr1013_439570"	0.26	0.26	0.25	0.26	0.01
"Olfr1016_439570"	0.25	0.27	0.26	0.26	0.01
"Olfr294_439570"	0.26	0.27	0.25	0.26	0.01
"hOR14C36_7410"	0.29	0.24	0.25	0.26	0.03
"Olfr427_7410"	0.27	0.27	0.24	0.26	0.02
"hOR2J1_7410"	0.25	0.27	0.25	0.26	0.01
"hOR6Q1_323"	0.25	0.25	0.27	0.26	0.01
"Olfr1284_323"	0.23	0.28	0.28	0.26	0.03
"Olfr59_323"	0.26	0.26	0.26	0.26	0
"hOR2L3_68110"	0.25	0.28	0.26	0.26	0.01
"hOR5B21_68110"	0.25	0.27	0.27	0.26	0.01
"hOR8B4_68110"	0.28	0.25	0.26	0.26	0.01
"hOR8B8_68110"	0.26	0.26	0.27	0.26	0
"hOR5B2_439570"	0.25	0.25	0.24	0.25	0.01
"Olfr513_439570"	0.25	0.25	0.26	0.25	0.01
"Olfr192_439570"	0.24	0.25	0.25	0.25	0.01
"Olfr298_439570"	0.26	0.26	0.24	0.25	0.01
"Olfr1279_7410"	0.21	0.27	0.28	0.25	0.04
"Olfr1284_7410"	0.21	0.28	0.26	0.25	0.03
"Olfr1295_7410"	0.25	0.24	0.26	0.25	0.01
"hOR14C36_323"	0.27	0.25	0.24	0.25	0.01
"Olfr392_323"	0.25	0.25	0.25	0.25	0
"Olfr987_323"	0.24	0.26	0.24	0.25	0.01
"Olfr965_323"	0.25	0.25	0.26	0.25	0.01
"hOR5B2_68110"	0.25	0.26	0.26	0.25	0.01
"hOR5I1_68110"	0.25	0.27	0.24	0.25	0.02
"Olfr23_68110"	0.26	0.26	0.24	0.25	0.01
"Olfr285_68110"	0.26	0.25	0.24	0.25	0.01
"Olfr164_68110"	0.24	0.24	0.26	0.25	0.01
"Olfr775_68110"	0.27	0.23	0.24	0.25	0.02
"hOR5I1_439570"	0.25	0.24	0.24	0.24	0.01
"Olfr1284_439570"	0.2	0.27	0.24	0.24	0.04
"Olfr967_439570"	0.23	0.24	0.25	0.24	0.01
"Olfr955_439570"	0.23	0.24	0.24	0.24	0.01
"Olfr930_439570"	0.23	0.22	0.26	0.24	0.02
"Olfr924_439570"	0.24	0.22	0.26	0.24	0.02
"Olfr775_439570"	0.25	0.24	0.24	0.24	0.01
"hOR51A4_7410"	0.24	0.23	0.23	0.24	0.01
"hOR6S1_7410"	0.26	0.24	0.23	0.24	0.01
"Olfr1137_7410"	0.23	0.24	0.24	0.24	0
"Olfr1008_7410"	0.24	0.24	0.24	0.24	0
"Olfr987_7410"	0.24	0.24	0.23	0.24	0
"Olfr994_7410"	0.23	0.23	0.24	0.24	0.01
"Olfr605_7410"	0.24	0.24	0.24	0.24	0
"hOR6M1_323"	0.24	0.24	0.24	0.24	0
"hOR8K5_323"	0.25	0.22	0.25	0.24	0.02
"Olfr1295_323"	0.23	0.24	0.25	0.24	0.01
"Olfr384_323"	0.23	0.25	0.24	0.24	0.01
"Olfr857_323"	0.25	0.23	0.24	0.24	0.01
"Olfr988_323"	0.23	0.25	0.23	0.24	0.01
"Olfr994_323"	0.24	0.22	0.25	0.24	0.01
"hOR10D3_68110"	0.23	0.23	0.25	0.24	0.01
"hOR13C4_68110"	0.23	0.24	0.23	0.24	0.01
"hOR2T2_68110"	0.24	0.25	0.25	0.24	0
"hOR2V1_68110"	0.23	0.26	0.23	0.24	0.01
"Olfr1249_68110"	0.25	0.22	0.25	0.24	0.02
"Olfr1251_68110"	0.25	0.22	0.26	0.24	0.02
"Olfr190_68110"	0.22	0.23	0.26	0.24	0.02
"Olfr293_68110"	0.27	0.2	0.23	0.24	0.04
"hOR2A1_439570"	0.22	0.23	0.25	0.23	0.02
"hOR7E24_439570"	0.22	0.21	0.25	0.23	0.02
"Olfr1279_439570"	0.19	0.26	0.24	0.23	0.04
"Olfr1295_439570"	0.21	0.22	0.25	0.23	0.02
"Olfr398_439570"	0.23	0.22	0.25	0.23	0.02
"Olfr301_439570"	0.22	0.23	0.25	0.23	0.01
"Olfr776_439570"	0.25	0.23	0.23	0.23	0.01
"hOR2A42_439570"	0.22	0.23	0.25	0.23	0.02
"Olfr857_7410"	0.25	0.22	0.23	0.23	0.01
"Olfr366_7410"	0.22	0.22	0.24	0.23	0.01
"Olfr988_7410"	0.23	0.24	0.23	0.23	0
"Olfr69_7410"	0.22	0.21	0.26	0.23	0.03
"hOR10A2_323"	0.22	0.24	0.24	0.23	0.01
"hOR12D3_323"	0.22	0.23	0.24	0.23	0.01
"hOR14A2_323"	0.24	0.23	0.23	0.23	0.01
"hOR1N1_323"	0.24	0.23	0.23	0.23	0.01
"hOR5AP2_323"	0.23	0.23	0.23	0.23	0
"Olfr412_323"	0.22	0.22	0.23	0.23	0
"hOR14C36_68110"	0.25	0.22	0.22	0.23	0.02
"Olfr994_68110"	0.23	0.21	0.26	0.23	0.02
"Olfr965_68110"	0.22	0.24	0.22	0.23	0.01
"Olfr605_68110"	0.22	0.24	0.23	0.23	0.01
"hOR12D3_439570"	0.21	0.23	0.23	0.22	0.01
"hOR8B4_439570"	0.21	0.2	0.23	0.22	0.02
"hOR9G1_439570"	0.21	0.22	0.22	0.22	0.01
"Olfr1137_439570"	0.23	0.2	0.23	0.22	0.01
"Olfr1465_439570"	0.22	0.23	0.22	0.22	0.01
"Olfr1156_439570"	0.21	0.22	0.23	0.22	0.01
"Olfr1053_439570"	0.2	0.21	0.23	0.22	0.02
"Olfr190_439570"	0.21	0.23	0.23	0.22	0.01
"Olfr299_439570"	0.2	0.21	0.24	0.22	0.02
"hOR10D3_7410"	0.2	0.2	0.24	0.22	0.02
"hOR1N1_7410"	0.22	0.24	0.2	0.22	0.02
"hOR2Z1_7410"	0.22	0.21	0.22	0.22	0.01
"hOR6M1_7410"	0.23	0.22	0.22	0.22	0.01
"hOR7C2_7410"	0.21	0.22	0.21	0.22	0.01
"Olfr392_7410"	0.22	0.22	0.21	0.22	0.01
"Olfr358_7410"	0.23	0.22	0.22	0.22	0.01
"Olfr1505_7410"	0.21	0.24	0.22	0.22	0.02
"hOR13C4_323"	0.22	0.2	0.23	0.22	0.01
"hOR1B1_323"	0.23	0.21	0.24	0.22	0.02
"hOR2B6_323"	0.23	0.22	0.22	0.22	0.01
"hOR5A1_323"	0.23	0.23	0.21	0.22	0.01
"Olfr358_323"	0.22	0.22	0.22	0.22	0
"Olfr1505_323"	0.2	0.24	0.21	0.22	0.02
"hOR6Q1_68110"	0.22	0.21	0.22	0.22	0.01
"hOR8D1_68110"	0.21	0.2	0.23	0.22	0.01
"Olfr366_68110"	0.21	0.21	0.22	0.22	0.01
"Olfr987_68110"	0.22	0.22	0.22	0.22	0
"Olfr988_68110"	0.21	0.21	0.22	0.22	0.01
"Olfr776_68110"	0.24	0.21	0.23	0.22	0.02
"Olfr69_68110"	0.22	0.21	0.24	0.22	0.02
"hOR14C36_439570"	0.22	0.2	0.2	0.21	0.01
"hOR8B8_439570"	0.21	0.22	0.2	0.21	0.01
"Olfr1437_439570"	0.23	0.19	0.2	0.21	0.02
"Olfr293_439570"	0.22	0.2	0.23	0.21	0.02
"Olfr787_439570"	0.21	0.21	0.2	0.21	0
"hOR10A2_7410"	0.2	0.21	0.22	0.21	0.01
"hOR2B6_7410"	0.22	0.21	0.2	0.21	0.01
"hOR2V2_7410"	0.21	0.22	0.21	0.21	0.01
"hOR4C13_7410"	0.22	0.2	0.21	0.21	0.01
"hOR4C46_7410"	0.22	0.2	0.22	0.21	0.01
"hOR5A1_7410"	0.22	0.22	0.19	0.21	0.02
"hOR8D1_7410"	0.21	0.21	0.21	0.21	0
"hOR8U9_7410"	0.22	0.22	0.18	0.21	0.02
"hOR9G1_7410"	0.19	0.23	0.2	0.21	0.02
"Olfr59_7410"	0.21	0.21	0.2	0.21	0
"Olfr867_7410"	0.22	0.17	0.23	0.21	0.03
"Olfr1162_7410"	0.2	0.22	0.21	0.21	0.01
"Olfr965_7410"	0.2	0.21	0.21	0.21	0
"Olfr285_7410"	0.22	0.21	0.2	0.21	0.01
"hOR1K1_323"	0.21	0.21	0.21	0.21	0
"hOR4C12_323"	0.21	0.21	0.22	0.21	0
"hOR4C13_323"	0.22	0.19	0.22	0.21	0.01
"hOR4C46_323"	0.21	0.19	0.22	0.21	0.01
"hOR6B1_323"	0.21	0.2	0.2	0.21	0.01
"Olfr1249_323"	0.21	0.19	0.22	0.21	0.01
"Olfr1251_323"	0.21	0.19	0.22	0.21	0.02
"Olfr97_323"	0.22	0.21	0.21	0.21	0
"Olfr285_323"	0.22	0.21	0.2	0.21	0.01
"Olfr427_323"	0.21	0.22	0.21	0.21	0.01
"Olfr69_323"	0.2	0.19	0.24	0.21	0.03
"Olfr857_68110"	0.23	0.19	0.2	0.21	0.02
"Olfr467_68110"	0.22	0.21	0.19	0.21	0.02
"hOR13C4_439570"	0.2	0.18	0.21	0.2	0.01
"hOR4C46_439570"	0.2	0.19	0.2	0.2	0.01
"hOR6M1_439570"	0.2	0.18	0.2	0.2	0.01
"hOR6Q1_439570"	0.2	0.19	0.2	0.2	0.01
"hOR9G9_439570"	0.18	0.2	0.21	0.2	0.01
"Olfr1249_439570"	0.2	0.18	0.21	0.2	0.02
"Olfr1251_439570"	0.21	0.18	0.21	0.2	0.02
"hOR1B1_7410"	0.2	0.19	0.21	0.2	0.01
"hOR4C12_7410"	0.19	0.22	0.21	0.2	0.02
"hOR51M1_7410"	0.18	0.21	0.21	0.2	0.02
"hOR5T2_7410"	0.22	0.18	0.2	0.2	0.02
"Olfr1281_7410"	0.19	0.19	0.2	0.2	0.01
"Olfr384_7410"	0.2	0.21	0.21	0.2	0.01
"Olfr1349_7410"	0.21	0.21	0.18	0.2	0.02
"Olfr458_7410"	0.2	0.2	0.19	0.2	0.01
"hOR10D3_323"	0.2	0.18	0.21	0.2	0.01
"hOR1M1_323"	0.19	0.2	0.22	0.2	0.01
"hOR51A4_323"	0.23	0.2	0.19	0.2	0.02
"hOR5T2_323"	0.22	0.18	0.21	0.2	0.02
"hOR8U9_323"	0.22	0.2	0.17	0.2	0.03
"Olfr1162_323"	0.21	0.19	0.21	0.2	0.01
"hOR2T27_68110"	0.19	0.2	0.2	0.2	0.01
"hOR2T7_68110"	0.19	0.2	0.2	0.2	0.01
"hOR51A4_68110"	0.21	0.2	0.19	0.2	0.01
"hOR8K5_68110"	0.18	0.2	0.21	0.2	0.01
"Olfr1295_68110"	0.19	0.22	0.2	0.2	0.02
"Olfr358_68110"	0.21	0.2	0.19	0.2	0.01
"Olfr427_68110"	0.2	0.21	0.19	0.2	0.01
"hOR4C13_439570"	0.19	0.18	0.19	0.19	0.01
"hOR51A4_439570"	0.19	0.17	0.2	0.19	0.01
"hOR52M1_439570"	0.18	0.18	0.2	0.19	0.01
"hOR5K2_439570"	0.17	0.19	0.19	0.19	0.02
"Olfr358_439570"	0.18	0.18	0.19	0.19	0.01
"Olfr220_439570"	0.18	0.2	0.2	0.19	0.01
"Olfr69_439570"	0.19	0.16	0.22	0.19	0.03
"Olfr605_439570"	0.18	0.19	0.19	0.19	0.01
"hOR3A2_7410"	0.21	0.19	0.18	0.19	0.02
"hOR52E6_7410"	0.19	0.17	0.2	0.19	0.01
"hOR6B1_7410"	0.19	0.17	0.19	0.19	0.01
"hOR9G9_7410"	0.17	0.2	0.19	0.19	0.01
"Olfr1312_7410"	0.18	0.18	0.2	0.19	0.01
"Olfr412_7410"	0.2	0.2	0.19	0.19	0
"hOR1L6_323"	0.18	0.21	0.18	0.19	0.02
"hOR2V2_323"	0.2	0.19	0.18	0.19	0.01
"hOR3A2_323"	0.2	0.18	0.18	0.19	0.01
"hOR51M1_323"	0.18	0.19	0.2	0.19	0.01
"hOR6S1_323"	0.19	0.2	0.17	0.19	0.01
"hOR4A15_68110"	0.19	0.16	0.21	0.19	0.02
"hOR5A1_68110"	0.2	0.18	0.19	0.19	0.01
"hOR5AR1_68110"	0.19	0.2	0.18	0.19	0.01
"hOR6M1_68110"	0.19	0.2	0.19	0.19	0.01
"hOR9G4_68110"	0.19	0.19	0.19	0.19	0
"Olfr867_68110"	0.2	0.16	0.19	0.19	0.02
"Olfr1349_68110"	0.2	0.19	0.17	0.19	0.02
"Olfr1320_68110"	0.19	0.18	0.2	0.19	0.01
"Olfr787_68110"	0.2	0.19	0.18	0.19	0.01
"hOR1N1_439570"	0.17	0.16	0.19	0.18	0.01
"Olfr857_439570"	0.2	0.18	0.17	0.18	0.01
"Olfr366_439570"	0.18	0.17	0.2	0.18	0.02
"Olfr1162_439570"	0.18	0.17	0.2	0.18	0.01
"Olfr1008_439570"	0.17	0.18	0.17	0.18	0.01
"Olfr1320_439570"	0.19	0.17	0.19	0.18	0.01
"hOR2AP1_7410"	0.2	0.17	0.18	0.18	0.02
"hOR8G1_7410"	0.19	0.19	0.17	0.18	0.01
"Olfr1253_7410"	0.18	0.17	0.18	0.18	0.01
"hOR2Z1_323"	0.19	0.17	0.19	0.18	0.01
"hOR5AR1_323"	0.16	0.19	0.18	0.18	0.01
"hOR8D1_323"	0.19	0.18	0.18	0.18	0
"Olfr1312_323"	0.17	0.17	0.19	0.18	0.01
"Olfr1349_323"	0.2	0.18	0.16	0.18	0.02
"Olfr458_323"	0.19	0.17	0.18	0.18	0.01
"Olfr605_323"	0.17	0.19	0.18	0.18	0.01
"hOR2T3_68110"	0.17	0.19	0.19	0.18	0.01
"hOR2T5_68110"	0.16	0.19	0.18	0.18	0.01
"hOR4C13_68110"	0.18	0.17	0.2	0.18	0.01
"hOR4C46_68110"	0.19	0.17	0.19	0.18	0.01
"hOR51M1_68110"	0.17	0.18	0.19	0.18	0.01
"hOR5AP2_68110"	0.19	0.18	0.19	0.18	0.01
"hOR7A10_68110"	0.19	0.16	0.18	0.18	0.02
"hOR8G1_68110"	0.18	0.19	0.17	0.18	0.01
"Olfr1253_68110"	0.18	0.17	0.18	0.18	0.01
"Olfr1278_68110"	0.17	0.18	0.2	0.18	0.01
"Olfr1282_68110"	0.17	0.2	0.18	0.18	0.01
"Olfr1281_68110"	0.18	0.18	0.19	0.18	0.01
"Olfr412_68110"	0.19	0.18	0.16	0.18	0.01
"hOR10A2_439570"	0.16	0.17	0.17	0.17	0.01
"hOR5AP2_439570"	0.18	0.16	0.17	0.17	0.01
"hOR8K5_439570"	0.17	0.14	0.19	0.17	0.03
"Olfr1281_439570"	0.18	0.16	0.18	0.17	0.01
"Olfr392_439570"	0.18	0.16	0.17	0.17	0.01
"Olfr965_439570"	0.18	0.16	0.18	0.17	0.01
"hOR4A15_7410"	0.17	0.17	0.18	0.17	0.01
"hOR6X1_7410"	0.16	0.18	0.17	0.17	0.01
"hOR14K1_323"	0.18	0.15	0.18	0.17	0.02
"hOR2AP1_323"	0.19	0.17	0.16	0.17	0.01
"hOR5K2_323"	0.19	0.16	0.16	0.17	0.01
"hOR7C2_323"	0.16	0.18	0.18	0.17	0.01
"hOR8G1_323"	0.17	0.17	0.16	0.17	0
"Olfr867_323"	0.17	0.16	0.17	0.17	0.01
"hOR3A2_68110"	0.18	0.17	0.15	0.17	0.01
"hOR9G1_68110"	0.16	0.18	0.17	0.17	0.01
"hOR9G9_68110"	0.17	0.18	0.17	0.17	0.01
"Olfr1279_68110"	0.14	0.18	0.18	0.17	0.02
"Olfr384_68110"	0.17	0.18	0.16	0.17	0.01
"hOR2V2_439570"	0.17	0.14	0.16	0.16	0.02
"hOR4C12_439570"	0.15	0.19	0.16	0.16	0.02
"Olfr412_439570"	0.14	0.18	0.16	0.16	0.02
"Olfr867_439570"	0.18	0.14	0.17	0.16	0.02
"Olfr458_439570"	0.16	0.15	0.15	0.16	0.01
"hOR1M1_7410"	0.15	0.15	0.17	0.16	0.01
"hOR2V1_7410"	0.16	0.18	0.15	0.16	0.01
"hOR52L2_7410"	0.16	0.16	0.15	0.16	0.01
"hOR52M1_7410"	0.17	0.15	0.15	0.16	0.01
"hOR5AR1_7410"	0.15	0.17	0.16	0.16	0.01
"hOR13C7_7410"	0.18	0.16	0.14	0.16	0.02
"hOR10A4_323"	0.16	0.18	0.15	0.16	0.01
"hOR5C1_323"	0.15	0.17	0.17	0.16	0.01
"hOR6X1_323"	0.17	0.16	0.16	0.16	0.01
"hOR7D2_323"	0.16	0.15	0.16	0.16	0
"Olfr1253_323"	0.17	0.15	0.16	0.16	0.01
"Olfr1281_323"	0.16	0.15	0.16	0.16	0
"Olfr1152_323"	0.15	0.18	0.16	0.16	0.01
"hOR1B1_68110"	0.17	0.15	0.16	0.16	0.01
"hOR2AE1_68110"	0.14	0.17	0.16	0.16	0.01
"hOR2T4_68110"	0.15	0.16	0.15	0.16	0
"hOR2Z1_68110"	0.18	0.15	0.15	0.16	0.02
"hOR5C1_68110"	0.16	0.18	0.15	0.16	0.01
"hOR5M1_68110"	0.15	0.15	0.17	0.16	0.01
"hOR5M3_68110"	0.17	0.16	0.15	0.16	0.01
"hOR6S1_68110"	0.16	0.17	0.16	0.16	0.01
"hOR8U9_68110"	0.17	0.16	0.15	0.16	0.01
"Olfr1284_68110"	0.14	0.19	0.16	0.16	0.02
"Olfr392_68110"	0.18	0.15	0.15	0.16	0.02
"Olfr59_68110"	0.17	0.16	0.15	0.16	0.01
"Olfr1152_68110"	0.15	0.17	0.16	0.16	0.01
"Olfr1505_68110"	0.16	0.16	0.16	0.16	0
"Olfr1312_439570"	0.14	0.14	0.16	0.15	0.01
"Olfr1297_439570"	0.14	0.15	0.17	0.15	0.01
"Olfr384_439570"	0.14	0.16	0.15	0.15	0.01
"Olfr427_439570"	0.14	0.15	0.15	0.15	0.01
"hOR5C1_7410"	0.14	0.16	0.14	0.15	0.01
"hOR5R1_7410"	0.16	0.14	0.14	0.15	0.01
"hOR6A2_7410"	0.15	0.14	0.15	0.15	0.01
"hOR6C4_7410"	0.17	0.14	0.15	0.15	0.01
"hOR6N1_7410"	0.17	0.14	0.15	0.15	0.02
"hOR9I1_7410"	0.15	0.17	0.14	0.15	0.01
"hOR1Q1_323"	0.15	0.16	0.14	0.15	0.01
"hOR2V1_323"	0.16	0.16	0.14	0.15	0.01
"hOR4A15_323"	0.15	0.15	0.16	0.15	0.01
"hOR5AK3_323"	0.14	0.13	0.17	0.15	0.02
"hOR5R1_323"	0.16	0.15	0.14	0.15	0.01
"hOR6C4_323"	0.16	0.16	0.15	0.15	0.01
"hOR9G1_323"	0.15	0.17	0.15	0.15	0.01
"Olfr1297_323"	0.14	0.15	0.16	0.15	0.01
"hOR14K1_68110"	0.14	0.16	0.16	0.15	0.01
"hOR1L6_68110"	0.14	0.17	0.13	0.15	0.02
"hOR1N1_68110"	0.17	0.16	0.13	0.15	0.02
"hOR2B6_68110"	0.15	0.14	0.15	0.15	0.01
"hOR52M1_68110"	0.15	0.15	0.14	0.15	0
"hOR5AK3_68110"	0.15	0.15	0.16	0.15	0.01
"hOR6X1_68110"	0.14	0.15	0.16	0.15	0.01
"hOR8D4_68110"	0.14	0.15	0.16	0.15	0.01
"Olfr747_68110"	0.16	0.15	0.13	0.15	0.02
"hOR1B1_439570"	0.13	0.14	0.15	0.14	0.01
"hOR1L6_439570"	0.13	0.15	0.15	0.14	0.01
"hOR1Q1_439570"	0.12	0.14	0.15	0.14	0.02
"hOR4A15_439570"	0.14	0.14	0.15	0.14	0.01
"hOR51M1_439570"	0.12	0.15	0.15	0.14	0.02
"hOR5A1_439570"	0.14	0.13	0.14	0.14	0.01
"hOR6X1_439570"	0.15	0.14	0.13	0.14	0.01
"Olfr1253_439570"	0.15	0.13	0.14	0.14	0.01
"Olfr59_439570"	0.14	0.14	0.15	0.14	0
"Olfr1505_439570"	0.15	0.15	0.14	0.14	0.01
"Olfr1097_439570"	0.14	0.14	0.15	0.14	0.01
"Olfr285_439570"	0.15	0.13	0.13	0.14	0.01
"Olfr1349_439570"	0.15	0.14	0.14	0.14	0.01
"Olfr212_439570"	0.14	0.15	0.13	0.14	0.01
"hOR10A4_7410"	0.13	0.15	0.13	0.14	0.01
"hOR2H1_7410"	0.13	0.14	0.14	0.14	0
"hOR2H2_7410"	0.14	0.14	0.13	0.14	0.01
"hOR51I1_7410"	0.14	0.13	0.13	0.14	0.01
"hOR6T1_7410"	0.14	0.14	0.14	0.14	0
"hOR10K2_323"	0.16	0.14	0.13	0.14	0.02
"hOR10P1_323"	0.13	0.15	0.13	0.14	0.01
"hOR13A1_323"	0.14	0.15	0.14	0.14	0
"hOR1L4_323"	0.14	0.15	0.14	0.14	0
"hOR1S2_323"	0.13	0.14	0.14	0.14	0.01
"hOR2H1_323"	0.13	0.13	0.15	0.14	0.01
"hOR2W5_323"	0.15	0.14	0.14	0.14	0
"hOR52I2_323"	0.14	0.15	0.14	0.14	0.01
"hOR6T1_323"	0.14	0.14	0.15	0.14	0
"hOR7G1_323"	0.14	0.14	0.12	0.14	0.01
"hOR8U8_323"	0.15	0.14	0.12	0.14	0.02
"hOR9G9_323"	0.14	0.15	0.14	0.14	0.01
"hOR9I1_323"	0.14	0.16	0.13	0.14	0.01
"hOR10A2_68110"	0.13	0.14	0.14	0.14	0.01
"hOR10K2_68110"	0.15	0.14	0.12	0.14	0.01
"hOR10T2_68110"	0.14	0.15	0.13	0.14	0.01
"hOR13C3_68110"	0.13	0.16	0.13	0.14	0.01
"hOR13J1_68110"	0.12	0.16	0.14	0.14	0.02
"hOR1Q1_68110"	0.13	0.15	0.15	0.14	0.01
"hOR2T6_68110"	0.14	0.15	0.13	0.14	0.01
"hOR52I2_68110"	0.15	0.13	0.14	0.14	0.01
"hOR5T2_68110"	0.16	0.13	0.14	0.14	0.01
"hOR6C4_68110"	0.14	0.14	0.13	0.14	0.01
"hOR7A17_68110"	0.14	0.13	0.14	0.14	0.01
"hOR7C2_68110"	0.13	0.15	0.13	0.14	0.01
"Olfr1312_68110"	0.14	0.14	0.14	0.14	0
"Olfr97_68110"	0.14	0.14	0.14	0.14	0
"hOR13C7_68110"	0.15	0.15	0.13	0.14	0.01
"hOR2Z1_439570"	0.12	0.12	0.14	0.13	0.01
"hOR3A2_439570"	0.14	0.14	0.12	0.13	0.01
"hOR52I2_439570"	0.14	0.13	0.13	0.13	0
"hOR5AK3_439570"	0.14	0.13	0.12	0.13	0.01
"hOR5T2_439570"	0.14	0.11	0.14	0.13	0.02
"hOR8D1_439570"	0.12	0.12	0.15	0.13	0.01
"hOR1L6_7410"	0.12	0.15	0.12	0.13	0.02
"hOR5AK3_7410"	0.13	0.14	0.12	0.13	0.01
"Olfr97_7410"	0.11	0.14	0.13	0.13	0.02
"hOR1L8_323"	0.13	0.13	0.13	0.13	0
"hOR2H2_323"	0.14	0.13	0.13	0.13	0
"hOR3A3_323"	0.13	0.13	0.15	0.13	0.01
"hOR52L2_323"	0.14	0.13	0.12	0.13	0.01
"hOR5M1_323"	0.13	0.12	0.13	0.13	0.01
"hOR6F1_323"	0.13	0.13	0.12	0.13	0
"hOR6K3_323"	0.14	0.12	0.12	0.13	0.01
"hOR7A17_323"	0.13	0.13	0.14	0.13	0.01
"hOR7G3_323"	0.13	0.15	0.12	0.13	0.02
"hOR8D2_323"	0.13	0.14	0.12	0.13	0.01
"hOR8U1_323"	0.15	0.13	0.12	0.13	0.02
"Olfr212_323"	0.14	0.13	0.12	0.13	0.01
"hOR13C7_323"	0.13	0.13	0.12	0.13	0
"hOR11H12_68110"	0.13	0.14	0.13	0.13	0.01
"hOR13A1_68110"	0.13	0.14	0.11	0.13	0.01
"hOR1S2_68110"	0.13	0.12	0.12	0.13	0.01
"hOR2AP1_68110"	0.13	0.14	0.11	0.13	0.01
"hOR2G3_68110"	0.11	0.15	0.13	0.13	0.02
"hOR5M10_68110"	0.13	0.13	0.14	0.13	0.01
"hOR5R1_68110"	0.15	0.12	0.13	0.13	0.01
"hOR6F1_68110"	0.13	0.13	0.14	0.13	0
"Olfr1196_68110"	0.14	0.12	0.13	0.13	0.01
"Olfr1297_68110"	0.11	0.15	0.13	0.13	0.02
"Olfr212_68110"	0.13	0.14	0.12	0.13	0.01
"hOR13A1_439570"	0.13	0.13	0.12	0.12	0.01
"hOR5AK2_439570"	0.13	0.12	0.12	0.12	0.01
"hOR6C4_439570"	0.12	0.12	0.1	0.12	0.01
"Olfr1057_439570"	0.12	0.12	0.13	0.12	0.01
"hOR13A1_7410"	0.11	0.12	0.12	0.12	0.01
"hOR5T1_7410"	0.13	0.11	0.12	0.12	0.01
"hOR5T3_7410"	0.13	0.11	0.12	0.12	0.01
"hOR8H2_7410"	0.12	0.12	0.11	0.12	0.01
"Olfr1297_7410"	0.11	0.12	0.13	0.12	0.01
"Olfr1152_7410"	0.11	0.13	0.12	0.12	0.01
"Olfr212_7410"	0.13	0.13	0.12	0.12	0.01
"hOR10S1_323"	0.12	0.12	0.12	0.12	0
"hOR1F1_323"	0.12	0.11	0.12	0.12	0
"hOR1I1_323"	0.13	0.13	0.11	0.12	0.01
"hOR1L1_323"	0.13	0.11	0.12	0.12	0.01
"hOR1L3_323"	0.13	0.11	0.13	0.12	0.01
"hOR51B6_323"	0.13	0.11	0.13	0.12	0.01
"hOR5F1_323"	0.13	0.11	0.12	0.12	0.01
"hOR5M9_323"	0.12	0.12	0.1	0.12	0.01
"hOR6B2_323"	0.13	0.12	0.11	0.12	0.01
"hOR6B3_323"	0.13	0.11	0.11	0.12	0.01
"hOR6C70_323"	0.12	0.14	0.11	0.12	0.01
"hOR7A10_323"	0.13	0.1	0.13	0.12	0.01
"hOR10W1_68110"	0.12	0.12	0.11	0.12	0.01
"hOR13C2_68110"	0.12	0.12	0.11	0.12	0
"hOR13G1_68110"	0.12	0.13	0.11	0.12	0.01
"hOR1K1_68110"	0.13	0.11	0.11	0.12	0.01
"hOR3A3_68110"	0.11	0.13	0.12	0.12	0.01
"hOR4C12_68110"	0.11	0.13	0.12	0.12	0.01
"hOR4K1_68110"	0.1	0.12	0.12	0.12	0.01
"hOR51B6_68110"	0.12	0.11	0.13	0.12	0.01
"hOR52E6_68110"	0.14	0.11	0.13	0.12	0.02
"hOR52L2_68110"	0.13	0.12	0.12	0.12	0
"hOR5AK2_68110"	0.11	0.13	0.14	0.12	0.01
"hOR5K2_68110"	0.12	0.13	0.11	0.12	0.01
"hOR5W2_68110"	0.1	0.13	0.11	0.12	0.02
"hOR6B1_68110"	0.12	0.12	0.12	0.12	0
"hOR7G1_68110"	0.11	0.13	0.1	0.12	0.02
"hOR7G3_68110"	0.12	0.13	0.12	0.12	0.01
"hOR8U1_68110"	0.12	0.12	0.11	0.12	0
"hOR8U8_68110"	0.12	0.12	0.11	0.12	0.01
"hOR9I1_68110"	0.12	0.12	0.12	0.12	0
"Olfr1198_68110"	0.13	0.12	0.12	0.12	0.01
"hOR14K1_439570"	0.11	0.11	0.1	0.11	0
"hOR2AP1_439570"	0.11	0.11	0.1	0.11	0
"hOR2B6_439570"	0.12	0.1	0.11	0.11	0.01
"hOR52E6_439570"	0.1	0.1	0.12	0.11	0.01
"hOR7A10_439570"	0.12	0.1	0.1	0.11	0.01
"Olfr1152_439570"	0.11	0.1	0.13	0.11	0.01
"hOR13C7_439570"	0.11	0.11	0.11	0.11	0
"hOR10K2_7410"	0.13	0.11	0.1	0.11	0.02
"hOR10S1_7410"	0.11	0.11	0.1	0.11	0.01
"hOR14K1_7410"	0.12	0.1	0.11	0.11	0.01
"hOR2AJ1_7410"	0.1	0.12	0.1	0.11	0.01
"hOR51B6_7410"	0.11	0.11	0.12	0.11	0.01
"hOR52E4_7410"	0.11	0.1	0.1	0.11	0.01
"hOR7A10_7410"	0.12	0.1	0.1	0.11	0.01
"hOR7A17_7410"	0.11	0.11	0.11	0.11	0
"hOR7G1_7410"	0.11	0.11	0.09	0.11	0.01
"hOR8H3_7410"	0.1	0.12	0.11	0.11	0.01
"hOR8U8_7410"	0.12	0.12	0.09	0.11	0.02
"hOR2AE1_323"	0.11	0.11	0.11	0.11	0
"hOR2G3_323"	0.12	0.11	0.09	0.11	0.01
"hOR2T2_323"	0.13	0.1	0.11	0.11	0.02
"hOR51F2_323"	0.12	0.11	0.11	0.11	0.01
"hOR5T1_323"	0.12	0.1	0.12	0.11	0.01
"hOR5T3_323"	0.12	0.1	0.11	0.11	0.01
"hOR10H1_68110"	0.1	0.1	0.12	0.11	0.01
"hOR10H5_68110"	0.1	0.1	0.12	0.11	0.01
"hOR12D3_68110"	0.12	0.11	0.09	0.11	0.02
"hOR2A2_68110"	0.12	0.1	0.12	0.11	0.01
"hOR2S2_68110"	0.12	0.14	0.09	0.11	0.02
"hOR52A1_68110"	0.12	0.1	0.12	0.11	0.01
"hOR52E4_68110"	0.11	0.11	0.1	0.11	0.01
"hOR5F1_68110"	0.13	0.12	0.1	0.11	0.01
"hOR6C70_68110"	0.11	0.12	0.11	0.11	0.01
"hOR6K3_68110"	0.11	0.11	0.11	0.11	0
"hOR6T1_68110"	0.11	0.12	0.1	0.11	0.01
"hOR8H2_68110"	0.12	0.1	0.11	0.11	0.01
"Olfr728_68110"	0.1	0.12	0.12	0.11	0.01
"hOR10A4_439570"	0.11	0.1	0.09	0.1	0.01
"hOR11H12_439570"	0.09	0.1	0.1	0.1	0.01
"hOR1K1_439570"	0.1	0.1	0.11	0.1	0.01
"hOR2L3_439570"	0.1	0.11	0.09	0.1	0.01
"hOR2V1_439570"	0.1	0.1	0.09	0.1	0.01
"hOR5C1_439570"	0.1	0.08	0.1	0.1	0.01
"hOR7C2_439570"	0.1	0.09	0.11	0.1	0.01
"hOR8H2_439570"	0.11	0.11	0.09	0.1	0.01
"hOR8I2_439570"	0.09	0.1	0.11	0.1	0.01
"hOR10G2_7410"	0.11	0.08	0.11	0.1	0.01
"hOR13C3_7410"	0.1	0.11	0.09	0.1	0.01
"hOR1S2_7410"	0.09	0.1	0.09	0.1	0.01
"hOR3A3_7410"	0.09	0.11	0.1	0.1	0.01
"hOR52N4_7410"	0.1	0.11	0.09	0.1	0.01
"hOR5F1_7410"	0.11	0.1	0.09	0.1	0.01
"hOR5K2_7410"	0.1	0.1	0.09	0.1	0.01
"hOR5M3_7410"	0.1	0.1	0.11	0.1	0.01
"hOR6C70_7410"	0.09	0.1	0.09	0.1	0
"hOR7D2_7410"	0.1	0.09	0.11	0.1	0.01
"hOR8H1_7410"	0.11	0.1	0.1	0.1	0.01
"hOR8U1_7410"	0.11	0.11	0.09	0.1	0.01
"Olfr1282_7410"	0.09	0.12	0.11	0.1	0.02
"hOR10G2_323"	0.1	0.09	0.1	0.1	0
"hOR2A2_323"	0.1	0.11	0.09	0.1	0.01
"hOR51I1_323"	0.11	0.1	0.1	0.1	0.01
"hOR52E6_323"	0.1	0.09	0.11	0.1	0.01
"hOR5AK2_323"	0.1	0.09	0.11	0.1	0.01
"hOR6A2_323"	0.11	0.09	0.1	0.1	0.01
"hOR8H1_323"	0.11	0.1	0.1	0.1	0.01
"hOR8H2_323"	0.11	0.1	0.1	0.1	0.01
"hOR8H3_323"	0.09	0.1	0.11	0.1	0.01
"hOR9K2_323"	0.1	0.1	0.1	0.1	0
"Olfr1260_323"	0.1	0.09	0.1	0.1	0
"hOR10A4_68110"	0.11	0.11	0.1	0.1	0
"hOR10Q1_68110"	0.09	0.1	0.1	0.1	0.01
"hOR10S1_68110"	0.1	0.11	0.1	0.1	0
"hOR1L4_68110"	0.1	0.11	0.08	0.1	0.02
"hOR2A12_68110"	0.11	0.08	0.1	0.1	0.01
"hOR2A14_68110"	0.1	0.09	0.1	0.1	0.01
"hOR2AG2_68110"	0.09	0.11	0.09	0.1	0.01
"hOR2W5_68110"	0.09	0.1	0.1	0.1	0.01
"hOR51F2_68110"	0.11	0.1	0.1	0.1	0
"hOR7D2_68110"	0.11	0.08	0.1	0.1	0.01
"hOR8H1_68110"	0.11	0.1	0.09	0.1	0.01
"hOR8H3_68110"	0.09	0.1	0.11	0.1	0.01
"hOR8K1_68110"	0.1	0.1	0.11	0.1	0
"hOR9K2_68110"	0.1	0.12	0.1	0.1	0.01
"Olfr1307_68110"	0.1	0.09	0.1	0.1	0.01
"Olfr16_68110"	0.1	0.12	0.09	0.1	0.02
"hOR2J1_68110"	0.1	0.1	0.09	0.1	0.01
"hOR10K2_439570"	0.09	0.09	0.08	0.09	0
"hOR2AE1_439570"	0.1	0.08	0.1	0.09	0.01
"hOR2AJ1_439570"	0.1	0.09	0.09	0.09	0.01
"hOR5AR1_439570"	0.09	0.1	0.09	0.09	0
"hOR6S1_439570"	0.1	0.09	0.1	0.09	0
"hOR7D2_439570"	0.1	0.08	0.1	0.09	0.01
"hOR7G3_439570"	0.09	0.1	0.09	0.09	0.01
"hOR8H3_439570"	0.08	0.1	0.09	0.09	0.01
"hOR8U9_439570"	0.09	0.1	0.09	0.09	0
"hOR9I1_439570"	0.08	0.1	0.1	0.09	0.01
"Olfr97_439570"	0.1	0.09	0.09	0.09	0
"Olfr814_439570"	0.08	0.1	0.09	0.09	0.01
"hOR2J1_439570"	0.1	0.1	0.09	0.09	0
"hOR10T2_7410"	0.11	0.09	0.08	0.09	0.01
"hOR1K1_7410"	0.08	0.1	0.1	0.09	0.01
"hOR1Q1_7410"	0.08	0.1	0.08	0.09	0.01
"hOR2T2_7410"	0.1	0.08	0.07	0.09	0.01
"hOR2T4_7410"	0.1	0.08	0.09	0.09	0.01
"hOR52I2_7410"	0.09	0.08	0.08	0.09	0
"hOR5M1_7410"	0.08	0.09	0.09	0.09	0
"hOR6K3_7410"	0.09	0.08	0.08	0.09	0.01
"hOR7G3_7410"	0.09	0.1	0.07	0.09	0.02
"hOR8D2_7410"	0.09	0.09	0.09	0.09	0
"hOR8K1_7410"	0.1	0.1	0.08	0.09	0.01
"Olfr1198_7410"	0.08	0.09	0.09	0.09	0
"Olfr1196_7410"	0.1	0.08	0.09	0.09	0.01
"Olfr1260_7410"	0.09	0.1	0.09	0.09	0.01
"Olfr1318_7410"	0.07	0.09	0.09	0.09	0.01
"Olfr16_7410"	0.09	0.11	0.08	0.09	0.02
"hOR13J1_323"	0.09	0.1	0.09	0.09	0.01
"hOR1J2_323"	0.08	0.09	0.09	0.09	0.01
"hOR2A12_323"	0.08	0.09	0.09	0.09	0.01
"hOR2T4_323"	0.09	0.08	0.09	0.09	0
"hOR4C45_323"	0.09	0.09	0.08	0.09	0
"hOR4X1_323"	0.08	0.08	0.09	0.09	0.01
"hOR52A1_323"	0.1	0.09	0.1	0.09	0.01
"hOR52M1_323"	0.1	0.09	0.09	0.09	0.01
"hOR5M10_323"	0.1	0.09	0.09	0.09	0.01
"hOR8D4_323"	0.1	0.09	0.1	0.09	0.01
"hOR9Q2_323"	0.09	0.08	0.1	0.09	0.01
"Olfr1318_323"	0.09	0.09	0.1	0.09	0
"Olfr774_323"	0.09	0.09	0.09	0.09	0
"Olfr648_323"	0.09	0.07	0.09	0.09	0.01
"hOR10AG1_68110"	0.09	0.11	0.08	0.09	0.01
"hOR10R2_68110"	0.08	0.09	0.08	0.09	0.01
"hOR1L1_68110"	0.09	0.11	0.08	0.09	0.02
"hOR1L3_68110"	0.09	0.09	0.09	0.09	0
"hOR1L8_68110"	0.09	0.09	0.09	0.09	0
"hOR1M1_68110"	0.09	0.08	0.1	0.09	0.01
"hOR2A5_68110"	0.1	0.07	0.1	0.09	0.02
"hOR2H1_68110"	0.09	0.11	0.07	0.09	0.02
"hOR2H2_68110"	0.1	0.1	0.07	0.09	0.02
"hOR51I1_68110"	0.1	0.09	0.09	0.09	0.01
"hOR5T1_68110"	0.1	0.09	0.09	0.09	0
"hOR6A2_68110"	0.09	0.1	0.09	0.09	0.01
"hOR6C2_68110"	0.08	0.08	0.1	0.09	0.01
"hOR6N1_68110"	0.09	0.09	0.09	0.09	0
"hOR8D2_68110"	0.09	0.09	0.07	0.09	0.01
"hOR9A4_68110"	0.09	0.07	0.09	0.09	0.01
"hOR9Q2_68110"	0.08	0.09	0.11	0.09	0.01
"Olfr1303_68110"	0.09	0.08	0.1	0.09	0.01
"Olfr774_68110"	0.09	0.1	0.09	0.09	0.01
"Olfr598_68110"	0.09	0.09	0.08	0.09	0
"Olfr645_68110"	0.08	0.09	0.08	0.09	0
"hOR10P1_439570"	0.09	0.08	0.07	0.08	0.01
"hOR1L4_439570"	0.07	0.08	0.07	0.08	0.01
"hOR1M1_439570"	0.07	0.07	0.1	0.08	0.02
"hOR2H1_439570"	0.08	0.08	0.09	0.08	0
"hOR2H2_439570"	0.08	0.07	0.08	0.08	0
"hOR2W5_439570"	0.09	0.08	0.08	0.08	0.01
"hOR3A3_439570"	0.06	0.09	0.08	0.08	0.01
"hOR51F2_439570"	0.08	0.08	0.08	0.08	0
"hOR52A1_439570"	0.08	0.07	0.08	0.08	0
"hOR5M1_439570"	0.08	0.07	0.1	0.08	0.01
"hOR5M3_439570"	0.08	0.08	0.09	0.08	0.01
"hOR5T1_439570"	0.09	0.07	0.09	0.08	0.01
"hOR5T3_439570"	0.08	0.07	0.08	0.08	0.01
"hOR6C70_439570"	0.07	0.08	0.07	0.08	0.01
"hOR6K3_439570"	0.07	0.07	0.09	0.08	0.01
"hOR7A17_439570"	0.08	0.07	0.09	0.08	0.01
"hOR7G1_439570"	0.1	0.08	0.07	0.08	0.02
"hOR8D2_439570"	0.08	0.07	0.08	0.08	0.01
"hOR8D4_439570"	0.08	0.07	0.08	0.08	0.01
"hOR8G1_439570"	0.07	0.08	0.09	0.08	0.01
"hOR8H1_439570"	0.09	0.08	0.07	0.08	0.01
"Olfr747_439570"	0.08	0.07	0.08	0.08	0.01
"hOR10P1_7410"	0.08	0.09	0.06	0.08	0.01
"hOR1I1_7410"	0.08	0.08	0.07	0.08	0.01
"hOR1L4_7410"	0.09	0.09	0.07	0.08	0.01
"hOR2A2_7410"	0.08	0.08	0.06	0.08	0.01
"hOR2AE1_7410"	0.08	0.07	0.09	0.08	0.01
"hOR2G3_7410"	0.08	0.09	0.07	0.08	0.01
"hOR2W5_7410"	0.08	0.09	0.08	0.08	0
"hOR51F2_7410"	0.09	0.08	0.08	0.08	0.01
"hOR52A1_7410"	0.08	0.08	0.08	0.08	0
"hOR5M10_7410"	0.07	0.09	0.08	0.08	0.01
"hOR6F1_7410"	0.07	0.08	0.07	0.08	0.01
"hOR8D4_7410"	0.08	0.08	0.08	0.08	0
"Olfr65_7410"	0.08	0.07	0.09	0.08	0.01
"hOR10A7_323"	0.08	0.09	0.08	0.08	0
"hOR10R2_323"	0.09	0.08	0.08	0.08	0.01
"hOR10T2_323"	0.08	0.08	0.07	0.08	0
"hOR2A5_323"	0.08	0.08	0.08	0.08	0
"hOR2T27_323"	0.09	0.08	0.09	0.08	0.01
"hOR2T7_323"	0.09	0.08	0.09	0.08	0.01
"hOR4C6_323"	0.08	0.08	0.1	0.08	0.01
"hOR51Q1_323"	0.08	0.09	0.09	0.08	0
"hOR52E4_323"	0.09	0.07	0.08	0.08	0.01
"hOR52N4_323"	0.08	0.08	0.07	0.08	0
"hOR5M8_323"	0.08	0.08	0.08	0.08	0
"hOR8K1_323"	0.08	0.08	0.09	0.08	0
"hOR9A4_323"	0.08	0.07	0.1	0.08	0.01
"Olfr1198_323"	0.08	0.09	0.07	0.08	0.01
"Olfr1196_323"	0.1	0.07	0.08	0.08	0.01
"Olfr16_323"	0.09	0.09	0.07	0.08	0.01
"Olfr814_323"	0.08	0.07	0.08	0.08	0.01
"hOR10H3_68110"	0.08	0.07	0.08	0.08	0.01
"hOR10P1_68110"	0.08	0.09	0.08	0.08	0.01
"hOR1F1_68110"	0.07	0.09	0.08	0.08	0.01
"hOR2M5_68110"	0.07	0.08	0.09	0.08	0.01
"hOR52N4_68110"	0.08	0.08	0.07	0.08	0.01
"hOR5D16_68110"	0.09	0.07	0.08	0.08	0.01
"hOR5M8_68110"	0.08	0.09	0.08	0.08	0
"hOR5M9_68110"	0.08	0.08	0.08	0.08	0
"hOR5T3_68110"	0.09	0.09	0.08	0.08	0.01
"Olfr1181_68110"	0.07	0.07	0.08	0.08	0.01
"Olfr1182_68110"	0.08	0.08	0.08	0.08	0
"Olfr814_68110"	0.09	0.08	0.09	0.08	0.01
"Olfr648_68110"	0.08	0.07	0.08	0.08	0
"hOR1J2_439570"	0.06	0.07	0.07	0.07	0
"hOR1L1_439570"	0.07	0.06	0.08	0.07	0.01
"hOR1L8_439570"	0.06	0.06	0.08	0.07	0.01
"hOR51B6_439570"	0.07	0.06	0.07	0.07	0
"hOR51I1_439570"	0.07	0.06	0.08	0.07	0.01
"hOR52L2_439570"	0.08	0.07	0.08	0.07	0.01
"hOR5F1_439570"	0.09	0.06	0.06	0.07	0.02
"hOR5H1_439570"	0.08	0.07	0.07	0.07	0.01
"hOR5M9_439570"	0.07	0.07	0.08	0.07	0
"hOR6T1_439570"	0.06	0.06	0.07	0.07	0.01
"hOR9Q2_439570"	0.07	0.07	0.07	0.07	0
"Olfr1198_439570"	0.06	0.07	0.07	0.07	0
"Olfr1196_439570"	0.09	0.06	0.06	0.07	0.01
"Olfr1260_439570"	0.07	0.08	0.07	0.07	0.01
"Olfr1318_439570"	0.06	0.07	0.08	0.07	0.01
"hOR10H1_7410"	0.07	0.06	0.08	0.07	0.01
"hOR10H5_7410"	0.07	0.06	0.08	0.07	0.01
"hOR1L3_7410"	0.07	0.06	0.06	0.07	0.01
"hOR4C45_7410"	0.06	0.07	0.07	0.07	0.01
"hOR4K1_7410"	0.07	0.06	0.08	0.07	0.01
"hOR4X1_7410"	0.07	0.07	0.08	0.07	0
"hOR52E1_7410"	0.08	0.08	0.06	0.07	0.01
"hOR5M9_7410"	0.08	0.08	0.07	0.07	0
"hOR6B2_7410"	0.07	0.07	0.07	0.07	0
"hOR6B3_7410"	0.07	0.06	0.07	0.07	0
"Olfr1278_7410"	0.06	0.08	0.07	0.07	0.01
"Olfr1305_7410"	0.06	0.05	0.09	0.07	0.02
"Olfr728_7410"	0.07	0.06	0.08	0.07	0.01
"Olfr1283_7410"	0.06	0.07	0.06	0.07	0
"Olfr598_7410"	0.07	0.07	0.06	0.07	0.01
"Olfr645_7410"	0.07	0.07	0.06	0.07	0.01
"hOR10W1_323"	0.07	0.08	0.06	0.07	0.01
"hOR2A14_323"	0.07	0.07	0.07	0.07	0
"hOR4K1_323"	0.08	0.07	0.06	0.07	0.01
"hOR5M3_323"	0.06	0.06	0.07	0.07	0.01
"hOR5W2_323"	0.07	0.07	0.07	0.07	0
"hOR6C2_323"	0.06	0.07	0.07	0.07	0
"hOR6N1_323"	0.07	0.07	0.07	0.07	0
"Olfr728_323"	0.08	0.07	0.07	0.07	0.01
"Olfr1282_323"	0.05	0.06	0.08	0.07	0.01
"Olfr782_323"	0.08	0.06	0.07	0.07	0.01
"Olfr804_323"	0.08	0.06	0.07	0.07	0.01
"hOR10G2_68110"	0.08	0.06	0.07	0.07	0.01
"hOR10H2_68110"	0.06	0.07	0.07	0.07	0.01
"hOR10H4_68110"	0.06	0.06	0.08	0.07	0.01
"hOR10X1_68110"	0.07	0.08	0.06	0.07	0.01
"hOR10Z1_68110"	0.07	0.08	0.06	0.07	0.01
"hOR13D1_68110"	0.07	0.07	0.07	0.07	0
"hOR2F2_68110"	0.06	0.07	0.07	0.07	0.01
"hOR4C45_68110"	0.06	0.07	0.07	0.07	0
"hOR4C6_68110"	0.07	0.07	0.08	0.07	0.01
"hOR4S2_68110"	0.07	0.06	0.07	0.07	0.01
"hOR4X1_68110"	0.06	0.07	0.08	0.07	0.01
"hOR51Q1_68110"	0.06	0.06	0.07	0.07	0
"hOR5H1_68110"	0.07	0.07	0.07	0.07	0
"hOR5H14_68110"	0.07	0.07	0.08	0.07	0.01
"hOR5H2_68110"	0.06	0.07	0.07	0.07	0
"Olfr1260_68110"	0.06	0.08	0.07	0.07	0.01
"Olfr1305_68110"	0.08	0.05	0.09	0.07	0.02
"Olfr1318_68110"	0.07	0.07	0.08	0.07	0
"Olfr1283_68110"	0.06	0.07	0.06	0.07	0
"Olfr1287_68110"	0.06	0.07	0.07	0.07	0.01
"Olfr792_68110"	0.07	0.07	0.06	0.07	0
"Olfr782_68110"	0.08	0.07	0.07	0.07	0.01
"Olfr804_68110"	0.08	0.07	0.07	0.07	0.01
"hOR52P1_68110"	0.07	0.06	0.07	0.07	0
"hOR10G2_439570"	0.07	0.05	0.06	0.06	0.01
"hOR13G1_439570"	0.07	0.06	0.06	0.06	0
"hOR13J1_439570"	0.05	0.06	0.06	0.06	0.01
"hOR1L3_439570"	0.06	0.06	0.06	0.06	0
"hOR1S2_439570"	0.06	0.06	0.06	0.06	0
"hOR2T2_439570"	0.06	0.06	0.06	0.06	0
"hOR2T27_439570"	0.06	0.05	0.06	0.06	0
"hOR2T4_439570"	0.06	0.05	0.07	0.06	0.01
"hOR2T7_439570"	0.06	0.05	0.06	0.06	0
"hOR4X1_439570"	0.05	0.05	0.07	0.06	0.01
"hOR5H6_439570"	0.05	0.06	0.05	0.06	0
"hOR5M10_439570"	0.06	0.05	0.07	0.06	0.01
"hOR5R1_439570"	0.07	0.06	0.06	0.06	0
"hOR6B1_439570"	0.05	0.06	0.06	0.06	0
"hOR9G4_439570"	0.06	0.07	0.05	0.06	0.01
"hOR9K2_439570"	0.06	0.05	0.06	0.06	0
"Olfr1305_439570"	0.06	0.05	0.07	0.06	0.01
"Olfr1282_439570"	0.05	0.06	0.07	0.06	0.01
"Olfr16_439570"	0.05	0.07	0.06	0.06	0.01
"Olfr591_439570"	0.06	0.05	0.05	0.06	0.01
"Olfr65_439570"	0.07	0.05	0.07	0.06	0.01
"hOR13F1_7410"	0.05	0.06	0.06	0.06	0.01
"hOR13G1_7410"	0.06	0.06	0.06	0.06	0
"hOR1J2_7410"	0.06	0.06	0.06	0.06	0
"hOR2K2_7410"	0.06	0.07	0.05	0.06	0.01
"hOR2S2_7410"	0.06	0.06	0.05	0.06	0.01
"hOR2T27_7410"	0.06	0.06	0.06	0.06	0
"hOR2T6_7410"	0.06	0.06	0.06	0.06	0
"hOR2T7_7410"	0.06	0.06	0.06	0.06	0
"hOR4C6_7410"	0.05	0.05	0.06	0.06	0.01
"hOR51Q1_7410"	0.05	0.06	0.06	0.06	0.01
"hOR5AK2_7410"	0.06	0.06	0.06	0.06	0
"hOR9A4_7410"	0.06	0.05	0.07	0.06	0.01
"hOR9G4_7410"	0.07	0.07	0.06	0.06	0.01
"hOR9Q2_7410"	0.05	0.06	0.06	0.06	0
"Olfr1287_7410"	0.07	0.06	0.06	0.06	0
"Olfr164_7410"	0.06	0.07	0.06	0.06	0
"Olfr774_7410"	0.06	0.05	0.06	0.06	0.01
"Olfr814_7410"	0.05	0.05	0.07	0.06	0.01
"hOR10G3_323"	0.06	0.06	0.05	0.06	0
"hOR10Q1_323"	0.07	0.04	0.06	0.06	0.01
"hOR13F1_323"	0.06	0.06	0.07	0.06	0
"hOR13G1_323"	0.07	0.06	0.05	0.06	0.01
"hOR2AJ1_323"	0.06	0.05	0.06	0.06	0.01
"hOR2K2_323"	0.06	0.06	0.05	0.06	0.01
"hOR2S2_323"	0.06	0.06	0.06	0.06	0
"hOR52E1_323"	0.06	0.06	0.06	0.06	0
"hOR5D16_323"	0.05	0.05	0.06	0.06	0
"hOR5H1_323"	0.06	0.06	0.06	0.06	0
"hOR5H14_323"	0.07	0.06	0.06	0.06	0.01
"hOR5H6_323"	0.06	0.06	0.06	0.06	0
"hOR6C74_323"	0.06	0.06	0.06	0.06	0
"hOR9G4_323"	0.06	0.05	0.06	0.06	0
"Olfr1283_323"	0.06	0.06	0.06	0.06	0
"Olfr1287_323"	0.06	0.06	0.06	0.06	0
"Olfr598_323"	0.06	0.06	0.05	0.06	0
"Olfr65_323"	0.05	0.05	0.07	0.06	0.01
"hOR10A7_68110"	0.07	0.06	0.06	0.06	0
"hOR1I1_68110"	0.06	0.06	0.05	0.06	0.01
"hOR1J2_68110"	0.05	0.08	0.06	0.06	0.01
"hOR2G6_68110"	0.04	0.07	0.06	0.06	0.01
"hOR2K2_68110"	0.06	0.06	0.06	0.06	0
"hOR2M2_68110"	0.05	0.06	0.06	0.06	0.01
"hOR2M7_68110"	0.05	0.06	0.06	0.06	0.01
"hOR4K2_68110"	0.06	0.06	0.05	0.06	0
"hOR51G1_68110"	0.06	0.05	0.06	0.06	0
"hOR51G2_68110"	0.06	0.06	0.06	0.06	0
"hOR51H1_68110"	0.05	0.05	0.06	0.06	0.01
"hOR51I2_68110"	0.06	0.06	0.06	0.06	0
"hOR52B4_68110"	0.05	0.06	0.06	0.06	0
"hOR52E1_68110"	0.06	0.06	0.05	0.06	0.01
"hOR5H6_68110"	0.07	0.06	0.06	0.06	0
"hOR6B2_68110"	0.06	0.06	0.06	0.06	0
"hOR6C74_68110"	0.06	0.06	0.06	0.06	0
"hOR8S1_68110"	0.06	0.05	0.07	0.06	0.01
"Olfr1229_68110"	0.06	0.06	0.06	0.06	0
"Olfr1211_68110"	0.06	0.06	0.06	0.06	0
"Olfr1311_68110"	0.06	0.05	0.06	0.06	0.01
"Olfr591_68110"	0.06	0.06	0.05	0.06	0.01
"Olfr547_68110"	0.05	0.06	0.05	0.06	0.01
"Olfr65_68110"	0.06	0.05	0.07	0.06	0.01
"hOR10H1_439570"	0.05	0.05	0.06	0.05	0
"hOR10H2_439570"	0.05	0.05	0.05	0.05	0
"hOR10H5_439570"	0.05	0.05	0.06	0.05	0
"hOR10S1_439570"	0.05	0.06	0.06	0.05	0
"hOR10T2_439570"	0.05	0.06	0.05	0.05	0
"hOR13C3_439570"	0.05	0.04	0.05	0.05	0
"hOR1F1_439570"	0.05	0.05	0.04	0.05	0
"hOR1I1_439570"	0.05	0.05	0.05	0.05	0
"hOR4C45_439570"	0.05	0.06	0.06	0.05	0
"hOR4C6_439570"	0.05	0.04	0.05	0.05	0.01
"hOR51G2_439570"	0.05	0.04	0.05	0.05	0.01
"hOR52E4_439570"	0.06	0.05	0.05	0.05	0.01
"hOR5H14_439570"	0.05	0.05	0.04	0.05	0.01
"hOR5H2_439570"	0.06	0.06	0.04	0.05	0.01
"hOR5M8_439570"	0.05	0.05	0.05	0.05	0
"hOR8U1_439570"	0.05	0.05	0.04	0.05	0
"hOR8U8_439570"	0.06	0.05	0.05	0.05	0.01
"Olfr1283_439570"	0.05	0.05	0.06	0.05	0
"Olfr1287_439570"	0.05	0.05	0.06	0.05	0
"Olfr164_439570"	0.05	0.06	0.04	0.05	0.01
"Olfr774_439570"	0.04	0.05	0.05	0.05	0
"Olfr598_439570"	0.04	0.05	0.05	0.05	0
"Olfr648_439570"	0.06	0.05	0.05	0.05	0.01
"Olfr645_439570"	0.05	0.05	0.05	0.05	0
"hOR10A7_7410"	0.04	0.05	0.04	0.05	0.01
"hOR10AG1_7410"	0.05	0.05	0.04	0.05	0
"hOR10H2_7410"	0.05	0.06	0.06	0.05	0
"hOR1L1_7410"	0.06	0.05	0.05	0.05	0.01
"hOR1L8_7410"	0.05	0.06	0.05	0.05	0.01
"hOR2A5_7410"	0.05	0.04	0.04	0.05	0.01
"hOR2L3_7410"	0.05	0.05	0.04	0.05	0
"hOR4K13_7410"	0.05	0.05	0.05	0.05	0
"hOR6C2_7410"	0.04	0.04	0.05	0.05	0.01
"hOR9K2_7410"	0.04	0.06	0.05	0.05	0.01
"Olfr1303_7410"	0.05	0.04	0.05	0.05	0
"hOR10AG1_323"	0.05	0.05	0.05	0.05	0
"hOR10H1_323"	0.05	0.05	0.06	0.05	0.01
"hOR10H2_323"	0.04	0.05	0.05	0.05	0.01
"hOR10H5_323"	0.05	0.05	0.06	0.05	0.01
"hOR10Z1_323"	0.05	0.06	0.04	0.05	0.01
"hOR13C3_323"	0.06	0.05	0.05	0.05	0
"hOR2T6_323"	0.06	0.05	0.05	0.05	0
"hOR4D11_323"	0.05	0.04	0.06	0.05	0.01
"hOR6C3_323"	0.04	0.04	0.06	0.05	0.01
"hOR6C6_323"	0.05	0.04	0.05	0.05	0
"Olfr1181_323"	0.05	0.05	0.04	0.05	0
"Olfr1182_323"	0.06	0.06	0.04	0.05	0.01
"Olfr1305_323"	0.05	0.04	0.06	0.05	0.01
"Olfr1425_323"	0.05	0.04	0.06	0.05	0.01
"Olfr792_323"	0.05	0.05	0.05	0.05	0
"Olfr591_323"	0.05	0.04	0.05	0.05	0
"hOR13F1_68110"	0.04	0.05	0.05	0.05	0.01
"hOR4C15_68110"	0.05	0.04	0.05	0.05	0
"hOR4F15_68110"	0.05	0.04	0.06	0.05	0.01
"hOR4F21_68110"	0.05	0.04	0.06	0.05	0.01
"hOR4F5_68110"	0.04	0.05	0.05	0.05	0.01
"hOR4F6_68110"	0.06	0.04	0.06	0.05	0.01
"hOR4K13_68110"	0.05	0.05	0.05	0.05	0
"hOR6B3_68110"	0.06	0.04	0.06	0.05	0.01
"hOR6C3_68110"	0.04	0.05	0.05	0.05	0
"Olfr1178_68110"	0.05	0.05	0.05	0.05	0
"Olfr1212_68110"	0.05	0.05	0.05	0.05	0
"Olfr725_68110"	0.05	0.05	0.05	0.05	0
"Olfr642_68110"	0.06	0.04	0.04	0.05	0.01
"hOR4A4_68110"	0.04	0.05	0.06	0.05	0.01
"hOR10G3_439570"	0.04	0.03	0.04	0.04	0
"hOR10H4_439570"	0.03	0.04	0.04	0.04	0
"hOR10R2_439570"	0.04	0.03	0.04	0.04	0.01
"hOR10Z1_439570"	0.03	0.04	0.03	0.04	0.01
"hOR2A2_439570"	0.04	0.05	0.04	0.04	0
"hOR2G3_439570"	0.04	0.04	0.03	0.04	0
"hOR2S2_439570"	0.04	0.03	0.04	0.04	0.01
"hOR2T6_439570"	0.04	0.04	0.04	0.04	0
"hOR4K13_439570"	0.03	0.03	0.04	0.04	0
"hOR51Q1_439570"	0.03	0.04	0.04	0.04	0.01
"hOR52E1_439570"	0.04	0.04	0.04	0.04	0
"hOR52N4_439570"	0.05	0.04	0.05	0.04	0
"hOR5W2_439570"	0.05	0.04	0.04	0.04	0.01
"hOR6C2_439570"	0.04	0.04	0.04	0.04	0
"hOR6C74_439570"	0.04	0.04	0.03	0.04	0.01
"hOR6F1_439570"	0.03	0.04	0.05	0.04	0.01
"hOR8K1_439570"	0.04	0.04	0.04	0.04	0
"hOR9A4_439570"	0.04	0.03	0.05	0.04	0.01
"Olfr1278_439570"	0.04	0.04	0.05	0.04	0.01
"Olfr782_439570"	0.04	0.05	0.04	0.04	0
"Olfr804_439570"	0.04	0.05	0.04	0.04	0.01
"hOR10H4_7410"	0.04	0.04	0.04	0.04	0
"hOR10W1_7410"	0.03	0.05	0.03	0.04	0.01
"hOR10Z1_7410"	0.04	0.04	0.03	0.04	0.01
"hOR13J1_7410"	0.04	0.05	0.04	0.04	0.01
"hOR2A12_7410"	0.06	0.04	0.03	0.04	0.01
"hOR2A14_7410"	0.04	0.05	0.03	0.04	0.01
"hOR51H1_7410"	0.04	0.04	0.04	0.04	0
"hOR5M8_7410"	0.04	0.04	0.05	0.04	0.01
"Olfr1182_7410"	0.04	0.04	0.04	0.04	0
"Olfr1212_7410"	0.03	0.04	0.04	0.04	0.01
"Olfr725_7410"	0.03	0.05	0.03	0.04	0.01
"Olfr792_7410"	0.03	0.04	0.04	0.04	0
"Olfr648_7410"	0.04	0.03	0.04	0.04	0
"hOR10A3_323"	0.04	0.04	0.04	0.04	0
"hOR10X1_323"	0.04	0.05	0.04	0.04	0.01
"hOR13C2_323"	0.03	0.03	0.04	0.04	0
"hOR13D1_323"	0.04	0.03	0.04	0.04	0.01
"hOR2AG2_323"	0.04	0.04	0.04	0.04	0
"hOR2L3_323"	0.04	0.04	0.04	0.04	0
"hOR4F5_323"	0.04	0.05	0.04	0.04	0
"hOR4K13_323"	0.04	0.04	0.03	0.04	0.01
"hOR5AU1_323"	0.03	0.04	0.04	0.04	0
"hOR5H2_323"	0.04	0.05	0.04	0.04	0
"hOR6C75_323"	0.04	0.03	0.03	0.04	0
"hOR8S1_323"	0.04	0.03	0.03	0.04	0.01
"Olfr1212_323"	0.04	0.04	0.04	0.04	0
"Olfr164_323"	0.04	0.03	0.04	0.04	0
"Olfr645_323"	0.04	0.05	0.04	0.04	0
"hOR10G3_68110"	0.03	0.04	0.03	0.04	0
"hOR4B1_68110"	0.04	0.04	0.04	0.04	0
"hOR4D11_68110"	0.04	0.04	0.05	0.04	0.01
"hOR4K17_68110"	0.03	0.03	0.04	0.04	0
"hOR4N4_68110"	0.04	0.04	0.05	0.04	0
"hOR4X2_68110"	0.03	0.03	0.04	0.04	0.01
"hOR52B2_68110"	0.04	0.04	0.04	0.04	0
"hOR5AU1_68110"	0.04	0.05	0.04	0.04	0.01
"hOR6C6_68110"	0.05	0.04	0.04	0.04	0.01
"hOR6K6_68110"	0.05	0.05	0.04	0.04	0.01
"Olfr1269_68110"	0.03	0.03	0.04	0.04	0.01
"Olfr32_68110"	0.04	0.04	0.04	0.04	0
"Olfr1309_68110"	0.04	0.03	0.04	0.04	0.01
"hOR4K3_68110"	0.04	0.04	0.03	0.04	0
"hOR10A7_439570"	0.03	0.04	0.03	0.03	0
"hOR10Q1_439570"	0.04	0.03	0.03	0.03	0.01
"hOR10W1_439570"	0.03	0.03	0.03	0.03	0
"hOR13C2_439570"	0.04	0.03	0.03	0.03	0
"hOR13F1_439570"	0.02	0.03	0.04	0.03	0.01
"hOR2A14_439570"	0.03	0.03	0.03	0.03	0
"hOR2A5_439570"	0.02	0.03	0.03	0.03	0
"hOR2K2_439570"	0.02	0.03	0.03	0.03	0
"hOR2M5_439570"	0.03	0.03	0.02	0.03	0
"hOR2T3_439570"	0.02	0.04	0.03	0.03	0.01
"hOR2T5_439570"	0.03	0.03	0.03	0.03	0
"hOR4N4_439570"	0.03	0.02	0.03	0.03	0.01
"hOR51H1_439570"	0.03	0.03	0.03	0.03	0
"hOR5D16_439570"	0.03	0.02	0.02	0.03	0.01
"hOR6A2_439570"	0.03	0.03	0.03	0.03	0
"hOR6B2_439570"	0.03	0.03	0.03	0.03	0
"hOR6B3_439570"	0.03	0.03	0.03	0.03	0
"hOR8S1_439570"	0.03	0.03	0.02	0.03	0
"Olfr1181_439570"	0.03	0.02	0.03	0.03	0
"Olfr1182_439570"	0.03	0.03	0.03	0.03	0
"Olfr1212_439570"	0.02	0.03	0.03	0.03	0
"Olfr792_439570"	0.02	0.04	0.04	0.03	0.01
"hOR10G3_7410"	0.04	0.03	0.03	0.03	0
"hOR10R2_7410"	0.02	0.03	0.03	0.03	0.01
"hOR10X1_7410"	0.02	0.03	0.02	0.03	0
"hOR13C2_7410"	0.03	0.03	0.03	0.03	0
"hOR13D1_7410"	0.04	0.03	0.03	0.03	0.01
"hOR1F1_7410"	0.02	0.02	0.03	0.03	0
"hOR2M5_7410"	0.03	0.03	0.03	0.03	0
"hOR4K2_7410"	0.04	0.03	0.03	0.03	0.01
"hOR5D16_7410"	0.03	0.03	0.02	0.03	0.01
"hOR5H14_7410"	0.03	0.03	0.03	0.03	0
"hOR5H6_7410"	0.03	0.03	0.03	0.03	0
"hOR5W2_7410"	0.03	0.04	0.03	0.03	0.01
"hOR6C74_7410"	0.04	0.03	0.03	0.03	0.01
"hOR8S1_7410"	0.03	0.03	0.03	0.03	0
"Olfr1181_7410"	0.03	0.03	0.03	0.03	0
"Olfr1211_7410"	0.03	0.03	0.03	0.03	0
"Olfr1307_7410"	0.03	0.02	0.03	0.03	0
"Olfr782_7410"	0.03	0.03	0.04	0.03	0
"Olfr804_7410"	0.03	0.03	0.03	0.03	0
"Olfr591_7410"	0.03	0.04	0.03	0.03	0.01
"hOR52P1_7410"	0.03	0.03	0.04	0.03	0
"hOR10H3_323"	0.02	0.02	0.03	0.03	0
"hOR10H4_323"	0.03	0.03	0.04	0.03	0.01
"hOR2G6_323"	0.03	0.03	0.04	0.03	0.01
"hOR2M5_323"	0.03	0.03	0.03	0.03	0
"hOR4S2_323"	0.02	0.04	0.02	0.03	0.01
"hOR51H1_323"	0.02	0.03	0.03	0.03	0
"hOR51I2_323"	0.03	0.02	0.03	0.03	0.01
"hOR6K6_323"	0.03	0.04	0.03	0.03	0
"Olfr1179_323"	0.03	0.03	0.02	0.03	0
"Olfr1269_323"	0.03	0.02	0.02	0.03	0
"Olfr140_323"	0.03	0.03	0.03	0.03	0
"Olfr1229_323"	0.03	0.02	0.03	0.03	0
"Olfr1211_323"	0.03	0.03	0.03	0.03	0
"Olfr1278_323"	0.03	0.03	0.03	0.03	0
"Olfr1303_323"	0.02	0.03	0.03	0.03	0
"Olfr725_323"	0.03	0.03	0.02	0.03	0
"hOR4A4_323"	0.03	0.02	0.04	0.03	0.01
"hOR4K3_323"	0.03	0.03	0.02	0.03	0.01
"hOR52P1_323"	0.03	0.02	0.04	0.03	0.01
"hOR10A3_68110"	0.03	0.02	0.03	0.03	0.01
"hOR10G8_68110"	0.03	0.02	0.03	0.03	0
"hOR2D3_68110"	0.03	0.03	0.03	0.03	0
"hOR4C11_68110"	0.03	0.03	0.03	0.03	0
"hOR4D5_68110"	0.03	0.03	0.04	0.03	0.01
"hOR4K14_68110"	0.03	0.04	0.02	0.03	0.01
"hOR4L1_68110"	0.03	0.03	0.03	0.03	0
"hOR4M2_68110"	0.03	0.02	0.03	0.03	0.01
"hOR4S1_68110"	0.03	0.03	0.03	0.03	0
"hOR6C75_68110"	0.04	0.04	0.03	0.03	0
"Olfr1179_68110"	0.03	0.03	0.03	0.03	0
"Olfr140_68110"	0.03	0.03	0.04	0.03	0.01
"Olfr1308_68110"	0.03	0.02	0.03	0.03	0.01
"Olfr723_68110"	0.03	0.03	0.03	0.03	0
"Olfr1425_68110"	0.03	0.02	0.03	0.03	0.01
"hOR10A3_439570"	0.02	0.01	0.02	0.02	0
"hOR10AG1_439570"	0.02	0.02	0.03	0.02	0.01
"hOR10X1_439570"	0.01	0.02	0.01	0.02	0
"hOR13D1_439570"	0.02	0.02	0.02	0.02	0
"hOR2A12_439570"	0.03	0.02	0.03	0.02	0
"hOR2AG2_439570"	0.02	0.02	0.02	0.02	0
"hOR2G6_439570"	0.02	0.01	0.02	0.02	0.01
"hOR4D11_439570"	0.02	0.02	0.03	0.02	0
"hOR4K1_439570"	0.03	0.02	0.02	0.02	0
"hOR4M2_439570"	0.02	0.01	0.02	0.02	0.01
"hOR51I2_439570"	0.01	0.01	0.02	0.02	0
"hOR52B2_439570"	0.02	0.02	0.02	0.02	0
"hOR52B4_439570"	0.02	0.02	0.02	0.02	0
"hOR5AU1_439570"	0.02	0.02	0.02	0.02	0
"hOR6C3_439570"	0.02	0.03	0.02	0.02	0
"hOR6C6_439570"	0.02	0.02	0.02	0.02	0
"hOR6K6_439570"	0.02	0.02	0.02	0.02	0
"hOR6N1_439570"	0.03	0.02	0.02	0.02	0
"Olfr1229_439570"	0.02	0.02	0.02	0.02	0
"Olfr1211_439570"	0.02	0.02	0.02	0.02	0
"Olfr1307_439570"	0.01	0.01	0.02	0.02	0
"Olfr1303_439570"	0.02	0.02	0.03	0.02	0
"Olfr1311_439570"	0.02	0.02	0.02	0.02	0
"Olfr725_439570"	0.02	0.02	0.02	0.02	0
"Olfr728_439570"	0.02	0.02	0.03	0.02	0.01
"Olfr1425_439570"	0.02	0.01	0.02	0.02	0
"Olfr547_439570"	0.02	0.02	0.02	0.02	0
"hOR4A4_439570"	0.02	0.02	0.02	0.02	0
"hOR52P1_439570"	0.02	0.01	0.02	0.02	0
"hOR10A3_7410"	0.02	0.02	0.01	0.02	0
"hOR10H3_7410"	0.02	0.01	0.01	0.02	0
"hOR10Q1_7410"	0.03	0.01	0.01	0.02	0.01
"hOR2F2_7410"	0.02	0.02	0.02	0.02	0
"hOR2G6_7410"	0.03	0.02	0.02	0.02	0
"hOR2T3_7410"	0.02	0.02	0.02	0.02	0
"hOR4D5_7410"	0.01	0.02	0.02	0.02	0
"hOR4F21_7410"	0.02	0.01	0.02	0.02	0
"hOR4F5_7410"	0.02	0.02	0.02	0.02	0
"hOR4N4_7410"	0.01	0.02	0.02	0.02	0
"hOR4S2_7410"	0.02	0.02	0.01	0.02	0.01
"hOR51G1_7410"	0.01	0.02	0.02	0.02	0.01
"hOR51G2_7410"	0.03	0.02	0.01	0.02	0.01
"hOR51I2_7410"	0.02	0.02	0.02	0.02	0
"hOR52B4_7410"	0.02	0.02	0.02	0.02	0
"hOR5H1_7410"	0.03	0.02	0.02	0.02	0
"hOR6C3_7410"	0.01	0.01	0.02	0.02	0.01
"hOR6K6_7410"	0.03	0.02	0.02	0.02	0
"Olfr1229_7410"	0.02	0.02	0.02	0.02	0
"Olfr1311_7410"	0.02	0.01	0.02	0.02	0
"Olfr547_7410"	0.02	0.02	0.02	0.02	0
"hOR4A4_7410"	0.02	0.02	0.03	0.02	0.01
"hOR10J1_323"	0.02	0.01	0.03	0.02	0.01
"hOR2D3_323"	0.01	0.02	0.02	0.02	0
"hOR2F2_323"	0.02	0.03	0.02	0.02	0
"hOR2T3_323"	0.02	0.02	0.02	0.02	0
"hOR2T5_323"	0.02	0.01	0.02	0.02	0
"hOR4B1_323"	0.02	0.02	0.01	0.02	0
"hOR4C3_323"	0.02	0.02	0.01	0.02	0
"hOR4D5_323"	0.02	0.02	0.03	0.02	0
"hOR4F21_323"	0.01	0.02	0.02	0.02	0
"hOR4F6_323"	0.02	0.01	0.01	0.02	0.01
"hOR4K14_323"	0.03	0.02	0.01	0.02	0.01
"hOR4K2_323"	0.02	0.02	0.01	0.02	0
"hOR4L1_323"	0.03	0.02	0.02	0.02	0
"hOR4M2_323"	0.03	0.02	0.03	0.02	0
"hOR4N4_323"	0.02	0.02	0.01	0.02	0.01
"hOR4S1_323"	0.03	0.03	0.02	0.02	0
"hOR4X2_323"	0.03	0.02	0.02	0.02	0.01
"hOR51G2_323"	0.03	0.02	0.01	0.02	0.01
"hOR52B4_323"	0.02	0.02	0.01	0.02	0.01
"Olfr1178_323"	0.03	0.03	0.02	0.02	0.01
"Olfr32_323"	0.03	0.02	0.02	0.02	0
"Olfr1307_323"	0.02	0.02	0.02	0.02	0
"Olfr1311_323"	0.02	0.02	0.01	0.02	0
"Olfr723_323"	0.02	0.02	0.02	0.02	0
"Olfr547_323"	0.02	0.02	0.01	0.02	0.01
"Olfr642_323"	0.02	0.02	0.02	0.02	0
"hOR10J1_68110"	0.02	0.01	0.02	0.02	0
"hOR4C3_68110"	0.02	0.02	0.03	0.02	0.01
"hOR52E2_68110"	0.02	0.03	0.01	0.02	0.01
"hOR10H3_439570"	0.01	0.01	0.01	0.01	0
"hOR10J1_439570"	0.01	0.01	0.01	0.01	0
"hOR2D3_439570"	0.01	0.01	0.01	0.01	0
"hOR2F2_439570"	0.01	0.01	0.01	0.01	0
"hOR2M2_439570"	0.01	0.01	0.01	0.01	0
"hOR4B1_439570"	0.01	0	0.01	0.01	0
"hOR4C11_439570"	0.01	0.01	0.01	0.01	0
"hOR4D5_439570"	0.01	0.01	0.01	0.01	0
"hOR4F15_439570"	0.01	0.01	0.01	0.01	0
"hOR4F21_439570"	0.01	0.01	0.02	0.01	0
"hOR4F5_439570"	0.01	0.02	0.01	0.01	0.01
"hOR4F6_439570"	0.01	0.01	0.01	0.01	0
"hOR4K2_439570"	0	0.01	0.01	0.01	0
"hOR4L1_439570"	0	0.01	0.01	0.01	0
"hOR4S1_439570"	0	0.01	0.01	0.01	0
"hOR4S2_439570"	0.01	0.02	0.01	0.01	0
"hOR4X2_439570"	0.02	0.01	0.01	0.01	0
"hOR51G1_439570"	0.01	0.01	0.01	0.01	0
"hOR52E2_439570"	0	0.01	0	0.01	0
"hOR6C75_439570"	0.01	0.01	0.01	0.01	0
"Olfr1179_439570"	0.01	0	0.01	0.01	0
"Olfr1178_439570"	0.02	0.02	0.01	0.01	0
"Olfr1269_439570"	0.01	0.02	0.01	0.01	0
"Olfr32_439570"	0.01	0	0.01	0.01	0
"Olfr140_439570"	0.01	0.01	0.01	0.01	0
"Olfr1309_439570"	0.01	0.01	0.01	0.01	0
"Olfr723_439570"	0.01	0	0.01	0.01	0
"Olfr642_439570"	0.01	0.01	0.01	0.01	0
"hOR4K3_439570"	0.01	0.02	0.01	0.01	0.01
"hOR10G4_7410"	0.01	0.01	0	0.01	0
"hOR10J1_7410"	0.01	0.01	0.01	0.01	0
"hOR2AG2_7410"	0.01	0.01	0.01	0.01	0
"hOR2D3_7410"	0	0.01	0.01	0.01	0
"hOR2M2_7410"	0.01	0.01	0.01	0.01	0
"hOR2T5_7410"	0.01	0.02	0.01	0.01	0
"hOR4B1_7410"	0.01	0.01	0.01	0.01	0
"hOR4C11_7410"	0.01	0.01	0.01	0.01	0
"hOR4D11_7410"	0.01	0.02	0.01	0.01	0
"hOR4F6_7410"	0.01	0	0	0.01	0
"hOR4K14_7410"	0	0.01	0	0.01	0
"hOR4K17_7410"	0	0.01	0	0.01	0
"hOR4L1_7410"	0.01	0.01	0.01	0.01	0
"hOR4M2_7410"	0.02	0.01	0.01	0.01	0.01
"hOR4X2_7410"	0.01	0.01	0.01	0.01	0
"hOR52B2_7410"	0.01	0.01	0.01	0.01	0
"hOR52E2_7410"	0.01	0.02	0.01	0.01	0
"hOR5AU1_7410"	0.01	0.01	0.01	0.01	0
"hOR5H2_7410"	0.01	0.01	0.01	0.01	0
"hOR6C6_7410"	0.01	0.01	0.01	0.01	0
"hOR6C75_7410"	0.01	0.01	0.01	0.01	0
"Olfr1179_7410"	0.01	0	0.01	0.01	0
"Olfr1178_7410"	0.02	0.02	0.01	0.01	0.01
"Olfr1269_7410"	0.01	0.01	0	0.01	0
"Olfr32_7410"	0.02	0.01	0.01	0.01	0
"Olfr140_7410"	0.01	0.01	0.01	0.01	0
"Olfr723_7410"	0.01	0.01	0.01	0.01	0
"Olfr1425_7410"	0.01	0.01	0.01	0.01	0
"Olfr642_7410"	0.02	0.01	0.01	0.01	0.01
"hOR4K3_7410"	0.02	0.02	0.01	0.01	0.01
"hOR10G4_323"	0.02	0.01	0.01	0.01	0
"hOR10G8_323"	0.01	0.02	0.01	0.01	0
"hOR2M2_323"	0.01	0.01	0.01	0.01	0
"hOR2M7_323"	0.01	0.01	0.01	0.01	0
"hOR4C11_323"	0.01	0.02	0.01	0.01	0
"hOR4C15_323"	0.01	0.01	0.01	0.01	0
"hOR4F15_323"	0.02	0.01	0.01	0.01	0
"hOR4K17_323"	0.01	0.02	0.01	0.01	0
"hOR51G1_323"	0.01	0.02	0.01	0.01	0
"hOR52B2_323"	0.01	0.01	0	0.01	0
"hOR52E2_323"	0.01	0.01	0.01	0.01	0
"Olfr1308_323"	0.02	0.01	0.02	0.01	0
"Olfr1309_323"	0.02	0.02	0.01	0.01	0
"hOR10G4_68110"	0.02	0.01	0.01	0.01	0
"hOR10G4_439570"	0	0	0	0	0
"hOR10G8_439570"	0	0	0	0	0
"hOR2M7_439570"	0	0	0	0	0
"hOR4C15_439570"	0	0	0.01	0	0
"hOR4C3_439570"	0	0	0.01	0	0
"hOR4K14_439570"	0	0	0.01	0	0
"hOR4K17_439570"	0	0	0.01	0	0
"Olfr1308_439570"	0	0	0.01	0	0
"hOR10G8_7410"	0	0.01	0.01	0	0
"hOR2M7_7410"	0	0	0	0	0
"hOR4C15_7410"	0.01	0	0	0	0
"hOR4C3_7410"	0	0	0	0	0
"hOR4F15_7410"	0	0	0	0	0
"hOR4S1_7410"	0	0.01	0	0	0
"Olfr1308_7410"	0	0	0	0	0
"Olfr1309_7410"	0.01	0	0	0	0
